-- phpMyAdmin SQL Dump
-- version 5.2.0
-- https://www.phpmyadmin.net/
--
-- Servidor: 127.0.0.1:3308
-- Tiempo de generación: 17-04-2023 a las 14:09:14
-- Versión del servidor: 8.0.31
-- Versión de PHP: 8.2.0

SET SQL_MODE = "NO_AUTO_VALUE_ON_ZERO";
START TRANSACTION;
SET time_zone = "+00:00";


/*!40101 SET @OLD_CHARACTER_SET_CLIENT=@@CHARACTER_SET_CLIENT */;
/*!40101 SET @OLD_CHARACTER_SET_RESULTS=@@CHARACTER_SET_RESULTS */;
/*!40101 SET @OLD_COLLATION_CONNECTION=@@COLLATION_CONNECTION */;
/*!40101 SET NAMES utf8mb4 */;

--
-- Base de datos: `resto_nocountry`
--

-- --------------------------------------------------------

--
-- Estructura de tabla para la tabla `categorias`
--

DROP TABLE IF EXISTS `categorias`;
CREATE TABLE IF NOT EXISTS `categorias` (
  `id` int UNSIGNED NOT NULL AUTO_INCREMENT,
  `categoria` varchar(50) CHARACTER SET utf8mb4 COLLATE utf8mb4_general_ci NOT NULL,
  `creado` datetime NOT NULL DEFAULT CURRENT_TIMESTAMP,
  PRIMARY KEY (`id`)
) ENGINE=MyISAM AUTO_INCREMENT=6 DEFAULT CHARSET=utf8mb4 COLLATE=utf8mb4_general_ci;

--
-- Volcado de datos para la tabla `categorias`
--

INSERT INTO `categorias` (`id`, `categoria`, `creado`) VALUES
(1, 'BEBIDAS', '2023-03-29 11:20:50'),
(2, 'POSTRES', '2023-03-29 11:21:04'),
(3, 'MINUTAS', '2023-03-29 11:21:40'),
(4, 'ENSALADAS', '2023-03-29 11:21:40'),
(5, 'EMPAREDADOS', '2023-03-29 11:22:03');

-- --------------------------------------------------------

--
-- Estructura de tabla para la tabla `descuento`
--

DROP TABLE IF EXISTS `descuento`;
CREATE TABLE IF NOT EXISTS `descuento` (
  `id_descuento` int UNSIGNED NOT NULL AUTO_INCREMENT,
  `descuento` int UNSIGNED NOT NULL,
  `descripcion` tinytext CHARACTER SET utf8mb4 COLLATE utf8mb4_general_ci NOT NULL,
  `fecha_caducidad` datetime NOT NULL DEFAULT CURRENT_TIMESTAMP,
  `activo` tinyint(1) NOT NULL DEFAULT '0',
  PRIMARY KEY (`id_descuento`)
) ENGINE=MyISAM AUTO_INCREMENT=2 DEFAULT CHARSET=utf8mb4 COLLATE=utf8mb4_general_ci;

--
-- Volcado de datos para la tabla `descuento`
--

INSERT INTO `descuento` (`id_descuento`, `descuento`, `descripcion`, `fecha_caducidad`, `activo`) VALUES
(1, 20, 'descuento pago efectivo', '2050-03-31 11:31:05', 1);

-- --------------------------------------------------------

--
-- Estructura de tabla para la tabla `estado`
--

DROP TABLE IF EXISTS `estado`;
CREATE TABLE IF NOT EXISTS `estado` (
  `id` int UNSIGNED NOT NULL AUTO_INCREMENT,
  `tipo` varchar(8) COLLATE utf8mb4_general_ci NOT NULL,
  `id_estado` tinyint UNSIGNED NOT NULL,
  `descripcion` tinytext CHARACTER SET utf8mb4 COLLATE utf8mb4_general_ci NOT NULL,
  PRIMARY KEY (`id`)
) ENGINE=MyISAM AUTO_INCREMENT=13 DEFAULT CHARSET=utf8mb4 COLLATE=utf8mb4_general_ci COMMENT='estado pedidos';

--
-- Volcado de datos para la tabla `estado`
--

INSERT INTO `estado` (`id`, `tipo`, `id_estado`, `descripcion`) VALUES
(1, 'pedido', 0, 'libre'),
(2, 'pedido', 1, 'pedido sin entregar'),
(3, 'pedido', 3, 'Pago en proceso medio digital'),
(4, 'pedido', 4, 'Pago efectuado'),
(5, 'pedido', 5, 'Anulado'),
(6, 'pedido', 6, 'Adeudado'),
(7, 'mesa', 20, 'libre'),
(8, 'mesa', 21, 'ocupada sin consumo'),
(9, 'mesa', 22, 'pedido efectuado pendiente'),
(10, 'mesa', 23, 'llamo mozo'),
(11, 'mesa', 24, 'pago en proceso medio digital'),
(12, 'mesa', 25, 'ocupada con pedidos pagos');

-- --------------------------------------------------------

--
-- Estructura de tabla para la tabla `mesas`
--

DROP TABLE IF EXISTS `mesas`;
CREATE TABLE IF NOT EXISTS `mesas` (
  `id` tinyint UNSIGNED NOT NULL AUTO_INCREMENT,
  `estado_mesa` tinyint UNSIGNED NOT NULL COMMENT '0 - libre \r\n1 - iniciada s/pedido pendiente\r\n2 - pedido pediente\r\n3 - pedido mozo\r\n4 - proceso de pago / cierre\r\n5 - cerrada no libre\r\n',
  `pedidos` varchar(500) COLLATE utf8mb4_general_ci NOT NULL,
  `qr` tinytext CHARACTER SET utf8mb4 COLLATE utf8mb4_general_ci NOT NULL,
  PRIMARY KEY (`id`),
  KEY `id` (`id`)
) ENGINE=MyISAM AUTO_INCREMENT=5 DEFAULT CHARSET=utf8mb4 COLLATE=utf8mb4_general_ci;

--
-- Volcado de datos para la tabla `mesas`
--

INSERT INTO `mesas` (`id`, `estado_mesa`, `pedidos`, `qr`) VALUES
(1, 1, '', '/qr/mesa_1.png'),
(2, 1, '', '/qr/mesa_2.png'),
(3, 3, '', '/qr/mesa_3.png'),
(4, 1, '', '/qr/mesa_4.png');

-- --------------------------------------------------------

--
-- Estructura de tabla para la tabla `pedidos`
--

DROP TABLE IF EXISTS `pedidos`;
CREATE TABLE IF NOT EXISTS `pedidos` (
  `id` int UNSIGNED NOT NULL AUTO_INCREMENT,
  `mesa` tinyint UNSIGNED NOT NULL,
  `producto` int NOT NULL,
  `cantidad` int NOT NULL,
  `precio` int NOT NULL,
  `descuento` decimal(3,2) UNSIGNED NOT NULL,
  `observaciones` varchar(150) COLLATE utf8mb4_general_ci NOT NULL,
  `estado` int UNSIGNED NOT NULL COMMENT '0 - cobrado\r\n1 - activo sin entregar\r\n2 - activo entregado \r\n3 - proceso de pago\r\n4 - pagado\r\n5 - anulado\r\n6 - deuda\r\n7 - finalizado\r\n',
  `creado` datetime NOT NULL DEFAULT CURRENT_TIMESTAMP,
  `modificado` datetime NOT NULL ON UPDATE CURRENT_TIMESTAMP,
  PRIMARY KEY (`id`)
) ENGINE=MyISAM AUTO_INCREMENT=721 DEFAULT CHARSET=utf8mb4 COLLATE=utf8mb4_general_ci;

--
-- Volcado de datos para la tabla `pedidos`
--

INSERT INTO `pedidos` (`id`, `mesa`, `producto`, `cantidad`, `precio`, `descuento`, `observaciones`, `estado`, `creado`, `modificado`) VALUES
(1, 3, 1, 1, 750, '0.00', '', 555555, '2023-04-11 15:06:43', '2023-04-17 01:11:03'),
(2, 3, 3, 1, 1300, '0.00', '', 555555, '2023-04-11 15:06:43', '2023-04-17 01:11:03'),
(3, 3, 3, 1, 1300, '0.00', '', 555555, '2023-04-11 15:06:43', '2023-04-17 01:11:03'),
(4, 3, 1, 1, 750, '0.00', '', 555555, '2023-04-11 15:06:43', '2023-04-17 01:11:03'),
(5, 3, 3, 1, 1300, '0.00', '', 555555, '2023-04-11 15:06:43', '2023-04-17 01:11:03'),
(6, 3, 3, 1, 1300, '0.00', '', 555555, '2023-04-11 15:06:43', '2023-04-17 01:11:03'),
(7, 3, 1, 1, 750, '0.00', '', 555555, '2023-04-11 15:06:43', '2023-04-17 01:11:03'),
(8, 3, 3, 1, 1300, '0.00', '', 555555, '2023-04-11 15:06:43', '2023-04-17 01:11:03'),
(9, 3, 3, 1, 1300, '0.00', '', 555555, '2023-04-11 15:06:43', '2023-04-17 01:11:03'),
(10, 3, 1, 1, 750, '0.00', '', 555555, '2023-04-11 15:06:43', '2023-04-17 01:11:03'),
(11, 3, 3, 1, 1300, '0.00', '', 555555, '2023-04-11 15:06:43', '2023-04-17 01:11:03'),
(12, 3, 3, 1, 1300, '0.00', '', 555555, '2023-04-11 15:06:43', '2023-04-17 01:11:03'),
(13, 3, 1, 1, 750, '0.00', '', 555555, '2023-04-11 15:06:43', '2023-04-17 01:11:03'),
(14, 3, 3, 1, 1300, '0.00', '', 555555, '2023-04-11 15:06:43', '2023-04-17 01:11:03'),
(15, 3, 3, 1, 1300, '0.00', '', 555555, '2023-04-11 15:06:43', '2023-04-17 01:11:03'),
(16, 3, 1, 1, 750, '0.00', '', 555555, '2023-04-11 15:06:43', '2023-04-17 01:11:03'),
(17, 3, 3, 1, 1300, '0.00', '', 555555, '2023-04-11 15:06:43', '2023-04-17 01:11:03'),
(18, 3, 3, 1, 1300, '0.00', '', 555555, '2023-04-11 15:06:43', '2023-04-17 01:11:03'),
(19, 3, 1, 1, 750, '0.00', '', 555555, '2023-04-11 15:06:43', '2023-04-17 01:11:03'),
(20, 3, 3, 1, 1300, '0.00', '', 555555, '2023-04-11 15:06:43', '2023-04-17 01:11:03'),
(21, 3, 3, 1, 1300, '0.00', '', 555555, '2023-04-11 15:06:43', '2023-04-17 01:11:03'),
(22, 3, 1, 1, 750, '0.00', '', 555555, '2023-04-11 15:06:43', '2023-04-17 01:11:03'),
(23, 3, 3, 1, 1300, '0.00', '', 555555, '2023-04-11 15:06:43', '2023-04-17 01:11:03'),
(24, 3, 3, 1, 1300, '0.00', '', 555555, '2023-04-11 15:06:43', '2023-04-17 01:11:03'),
(25, 3, 1, 1, 1050, '1.00', '', 555555, '2023-04-14 19:10:56', '2023-04-17 01:11:03'),
(26, 3, 2, 2, 150, '1.00', '', 1, '2023-04-14 19:10:56', '2023-04-17 01:10:56'),
(27, 3, 3, 2, 5000, '1.00', '', 1, '2023-04-14 19:10:56', '2023-04-17 01:10:56'),
(28, 3, 1, 1, 1050, '1.00', '', 1, '2023-04-14 19:11:07', '2023-04-17 01:10:56'),
(29, 3, 2, 2, 150, '1.00', '', 1, '2023-04-14 19:11:07', '2023-04-17 01:10:56'),
(30, 3, 3, 2, 5000, '1.00', '', 1, '2023-04-14 19:11:07', '2023-04-17 01:10:56'),
(31, 3, 1, 1, 1050, '1.00', '', 1, '2023-04-14 19:11:12', '2023-04-17 01:10:56'),
(32, 3, 2, 2, 150, '1.00', '', 1, '2023-04-14 19:11:12', '2023-04-17 01:10:56'),
(33, 3, 3, 2, 5000, '1.00', '', 1, '2023-04-14 19:11:12', '2023-04-17 01:10:56'),
(34, 3, 1, 1, 1050, '1.00', '', 1, '2023-04-14 19:11:57', '2023-04-17 01:10:56'),
(35, 3, 2, 2, 150, '1.00', '', 1, '2023-04-14 19:11:57', '2023-04-17 01:10:56'),
(36, 3, 3, 2, 5000, '0.90', '', 1, '2023-04-14 19:11:57', '2023-04-17 01:10:56'),
(37, 3, 1, 1, 1050, '1.00', '', 1, '2023-04-14 19:12:30', '2023-04-17 01:10:56'),
(38, 3, 2, 2, 150, '9.99', '', 1, '2023-04-14 19:12:30', '2023-04-17 01:10:56'),
(39, 3, 3, 2, 5000, '0.90', '', 1, '2023-04-14 19:12:30', '2023-04-17 01:10:56'),
(40, 3, 1, 1, 1050, '1.00', '', 1, '2023-04-14 19:13:32', '2023-04-17 01:10:56'),
(41, 3, 2, 2, 150, '9.99', '', 1, '2023-04-14 19:13:32', '2023-04-17 01:10:56'),
(42, 3, 3, 2, 5000, '0.90', '', 1, '2023-04-14 19:13:32', '2023-04-17 01:10:56'),
(43, 3, 1, 1, 1050, '1.00', '', 1, '2023-04-14 19:15:00', '2023-04-17 01:10:56'),
(44, 3, 2, 2, 150, '9.99', '', 1, '2023-04-14 19:15:00', '2023-04-17 01:10:56'),
(45, 3, 3, 2, 5000, '0.00', '', 1, '2023-04-14 19:15:00', '2023-04-17 01:10:56'),
(46, 3, 1, 1, 1050, '0.30', '', 1, '2023-04-14 19:15:43', '2023-04-17 01:10:56'),
(47, 3, 2, 2, 150, '0.90', '', 1, '2023-04-14 19:15:43', '2023-04-17 01:10:56'),
(48, 3, 3, 2, 5000, '0.00', '', 1, '2023-04-14 19:15:43', '2023-04-17 01:10:56'),
(49, 3, 1, 1, 1050, '0.30', '', 1, '2023-04-14 19:15:44', '2023-04-17 01:10:56'),
(50, 3, 2, 2, 150, '0.90', '', 1, '2023-04-14 19:15:44', '2023-04-17 01:10:56'),
(51, 3, 3, 2, 5000, '0.00', '', 1, '2023-04-14 19:15:44', '2023-04-17 01:10:56'),
(52, 3, 1, 1, 1050, '0.30', '', 1, '2023-04-14 19:18:25', '2023-04-17 01:10:56'),
(53, 3, 2, 2, 150, '0.90', '', 1, '2023-04-14 19:18:25', '2023-04-17 01:10:56'),
(54, 3, 3, 2, 5000, '0.00', '', 1, '2023-04-14 19:18:25', '2023-04-17 01:10:56'),
(55, 3, 1, 1, 1050, '0.30', '', 1, '2023-04-14 19:24:54', '2023-04-17 01:10:56'),
(56, 3, 2, 2, 150, '0.90', '', 1, '2023-04-14 19:24:54', '2023-04-17 01:10:56'),
(57, 3, 3, 2, 5000, '0.00', '', 1, '2023-04-14 19:24:54', '2023-04-17 01:10:56'),
(58, 3, 1, 1, 1050, '0.30', '', 1, '2023-04-14 19:24:55', '2023-04-17 01:10:56'),
(59, 3, 2, 2, 150, '0.90', '', 1, '2023-04-14 19:24:55', '2023-04-17 01:10:56'),
(60, 3, 3, 2, 5000, '0.00', '', 1, '2023-04-14 19:24:55', '2023-04-17 01:10:56'),
(61, 3, 1, 1, 1050, '0.30', '', 1, '2023-04-14 19:24:56', '2023-04-17 01:10:56'),
(62, 3, 2, 2, 150, '0.90', '', 1, '2023-04-14 19:24:56', '2023-04-17 01:10:56'),
(63, 3, 3, 2, 5000, '0.00', '', 1, '2023-04-14 19:24:56', '2023-04-17 01:10:56'),
(64, 3, 1, 1, 1050, '0.30', '', 1, '2023-04-14 19:24:56', '2023-04-17 01:10:56'),
(65, 3, 2, 2, 150, '0.90', '', 1, '2023-04-14 19:24:56', '2023-04-17 01:10:56'),
(66, 3, 3, 2, 5000, '0.00', '', 1, '2023-04-14 19:24:56', '2023-04-17 01:10:56'),
(67, 3, 1, 1, 1050, '0.30', '', 1, '2023-04-14 19:24:57', '2023-04-17 01:10:56'),
(68, 3, 2, 2, 150, '0.90', '', 1, '2023-04-14 19:24:57', '2023-04-17 01:10:56'),
(69, 3, 3, 2, 5000, '0.00', '', 1, '2023-04-14 19:24:57', '2023-04-17 01:10:56'),
(70, 3, 1, 1, 1050, '0.30', '', 1, '2023-04-14 19:24:57', '2023-04-17 01:10:56'),
(71, 3, 2, 2, 150, '0.90', '', 1, '2023-04-14 19:24:57', '2023-04-17 01:10:56'),
(72, 3, 3, 2, 5000, '0.00', '', 1, '2023-04-14 19:24:57', '2023-04-17 01:10:56'),
(73, 3, 1, 1, 1050, '0.30', '', 1, '2023-04-14 19:24:57', '2023-04-17 01:10:56'),
(74, 3, 2, 2, 150, '0.90', '', 1, '2023-04-14 19:24:57', '2023-04-17 01:10:56'),
(75, 3, 3, 2, 5000, '0.00', '', 1, '2023-04-14 19:24:57', '2023-04-17 01:10:56'),
(76, 3, 1, 1, 1050, '0.30', '', 1, '2023-04-14 19:24:57', '2023-04-17 01:10:56'),
(77, 3, 2, 2, 150, '0.90', '', 1, '2023-04-14 19:24:57', '2023-04-17 01:10:56'),
(78, 3, 3, 2, 5000, '0.00', '', 1, '2023-04-14 19:24:57', '2023-04-17 01:10:56'),
(79, 3, 1, 1, 1050, '0.30', '', 1, '2023-04-14 19:24:58', '2023-04-17 01:10:56'),
(80, 3, 2, 2, 150, '0.90', '', 1, '2023-04-14 19:24:58', '2023-04-17 01:10:56'),
(81, 3, 3, 2, 5000, '0.00', '', 1, '2023-04-14 19:24:58', '2023-04-17 01:10:56'),
(82, 3, 1, 1, 1050, '0.30', '', 1, '2023-04-14 19:24:58', '2023-04-17 01:10:56'),
(83, 3, 2, 2, 150, '0.90', '', 1, '2023-04-14 19:24:58', '2023-04-17 01:10:56'),
(84, 3, 3, 2, 5000, '0.00', '', 1, '2023-04-14 19:24:58', '2023-04-17 01:10:56'),
(85, 3, 1, 1, 1050, '0.30', '', 1, '2023-04-14 19:24:58', '2023-04-17 01:10:56'),
(86, 3, 2, 2, 150, '0.90', '', 1, '2023-04-14 19:24:58', '2023-04-17 01:10:56'),
(87, 3, 3, 2, 5000, '0.00', '', 1, '2023-04-14 19:24:58', '2023-04-17 01:10:56'),
(88, 3, 1, 1, 1050, '0.30', '', 1, '2023-04-14 19:24:58', '2023-04-17 01:10:56'),
(89, 3, 2, 2, 150, '0.90', '', 1, '2023-04-14 19:24:58', '2023-04-17 01:10:56'),
(90, 3, 3, 2, 5000, '0.00', '', 1, '2023-04-14 19:24:58', '2023-04-17 01:10:56'),
(91, 3, 1, 1, 1050, '0.30', '', 1, '2023-04-14 19:24:58', '2023-04-17 01:10:56'),
(92, 3, 2, 2, 150, '0.90', '', 1, '2023-04-14 19:24:58', '2023-04-17 01:10:56'),
(93, 3, 3, 2, 5000, '0.00', '', 1, '2023-04-14 19:24:58', '2023-04-17 01:10:56'),
(94, 3, 1, 1, 1050, '0.30', '', 1, '2023-04-14 19:24:58', '2023-04-17 01:10:56'),
(95, 3, 2, 2, 150, '0.90', '', 1, '2023-04-14 19:24:58', '2023-04-17 01:10:56'),
(96, 3, 3, 2, 5000, '0.00', '', 1, '2023-04-14 19:24:58', '2023-04-17 01:10:56'),
(97, 3, 1, 1, 1050, '0.30', '', 1, '2023-04-14 19:24:59', '2023-04-17 01:09:11'),
(98, 3, 2, 2, 150, '0.90', '', 1, '2023-04-14 19:24:59', '2023-04-17 01:09:11'),
(99, 3, 3, 2, 5000, '0.00', '', 1, '2023-04-14 19:24:59', '2023-04-17 01:09:11'),
(100, 3, 1, 1, 1050, '0.30', '', 1, '2023-04-14 19:24:59', '2023-04-17 01:09:11'),
(101, 3, 2, 2, 150, '0.90', '', 1, '2023-04-14 19:24:59', '2023-04-17 01:09:11'),
(102, 3, 3, 2, 5000, '0.00', '', 1, '2023-04-14 19:24:59', '2023-04-17 01:09:11'),
(103, 3, 1, 1, 1050, '0.30', '', 1, '2023-04-14 19:24:59', '2023-04-17 01:09:11'),
(104, 3, 2, 2, 150, '0.90', '', 1, '2023-04-14 19:24:59', '2023-04-17 01:09:11'),
(105, 3, 3, 2, 5000, '0.00', '', 1, '2023-04-14 19:24:59', '2023-04-17 01:09:11'),
(106, 3, 1, 1, 1050, '0.30', '', 1, '2023-04-14 19:24:59', '2023-04-17 01:10:56'),
(107, 3, 2, 2, 150, '0.90', '', 1, '2023-04-14 19:24:59', '2023-04-17 01:10:56'),
(108, 3, 3, 2, 5000, '0.00', '', 1, '2023-04-14 19:24:59', '2023-04-17 01:10:56'),
(109, 3, 1, 1, 1050, '0.30', '', 1, '2023-04-14 19:24:59', '2023-04-17 01:10:56'),
(110, 3, 2, 2, 150, '0.90', '', 1, '2023-04-14 19:24:59', '2023-04-17 01:10:56'),
(111, 3, 3, 2, 5000, '0.00', '', 1, '2023-04-14 19:24:59', '2023-04-17 01:10:56'),
(112, 3, 1, 1, 1050, '0.30', '', 1, '2023-04-14 19:24:59', '2023-04-17 01:10:56'),
(113, 3, 2, 2, 150, '0.90', '', 1, '2023-04-14 19:24:59', '2023-04-17 01:10:56'),
(114, 3, 3, 2, 5000, '0.00', '', 1, '2023-04-14 19:24:59', '2023-04-17 01:10:56'),
(115, 3, 1, 1, 1050, '0.30', '', 1, '2023-04-14 19:25:00', '2023-04-17 01:10:56'),
(116, 3, 2, 2, 150, '0.90', '', 1, '2023-04-14 19:25:00', '2023-04-17 01:10:56'),
(117, 3, 3, 2, 5000, '0.00', '', 1, '2023-04-14 19:25:00', '2023-04-17 01:10:56'),
(118, 3, 1, 1, 1050, '0.30', '', 1, '2023-04-14 19:25:00', '2023-04-17 01:10:56'),
(119, 3, 2, 2, 150, '0.90', '', 1, '2023-04-14 19:25:00', '2023-04-17 01:10:56'),
(120, 3, 3, 2, 5000, '0.00', '', 1, '2023-04-14 19:25:00', '2023-04-17 01:10:56'),
(121, 3, 1, 1, 1050, '0.30', '', 1, '2023-04-14 19:25:00', '2023-04-17 01:10:56'),
(122, 3, 2, 2, 150, '0.90', '', 1, '2023-04-14 19:25:00', '2023-04-17 01:10:56'),
(123, 3, 3, 2, 5000, '0.00', '', 1, '2023-04-14 19:25:00', '2023-04-17 01:10:56'),
(124, 3, 1, 1, 1050, '0.30', '', 1, '2023-04-14 19:25:00', '2023-04-17 01:09:11'),
(125, 3, 2, 2, 150, '0.90', '', 1, '2023-04-14 19:25:00', '2023-04-17 01:09:11'),
(126, 3, 3, 2, 5000, '0.00', '', 1, '2023-04-14 19:25:00', '2023-04-17 01:09:11'),
(127, 3, 1, 1, 1050, '0.30', '', 1, '2023-04-14 19:25:00', '2023-04-17 01:10:56'),
(128, 3, 2, 2, 150, '0.90', '', 1, '2023-04-14 19:25:00', '2023-04-17 01:10:56'),
(129, 3, 3, 2, 5000, '0.00', '', 1, '2023-04-14 19:25:00', '2023-04-17 01:10:56'),
(130, 3, 1, 1, 1050, '0.30', '', 1, '2023-04-14 19:25:01', '2023-04-17 01:10:56'),
(131, 3, 2, 2, 150, '0.90', '', 1, '2023-04-14 19:25:01', '2023-04-17 01:10:56'),
(132, 3, 3, 2, 5000, '0.00', '', 1, '2023-04-14 19:25:01', '2023-04-17 01:10:56'),
(133, 3, 1, 1, 1050, '0.30', '', 1, '2023-04-14 19:25:01', '2023-04-17 01:09:11'),
(134, 3, 2, 2, 150, '0.90', '', 1, '2023-04-14 19:25:01', '2023-04-17 01:09:11'),
(135, 3, 3, 2, 5000, '0.00', '', 1, '2023-04-14 19:25:01', '2023-04-17 01:09:11'),
(136, 3, 1, 1, 1050, '0.30', '', 1, '2023-04-14 19:25:01', '2023-04-17 01:10:56'),
(137, 3, 2, 2, 150, '0.90', '', 1, '2023-04-14 19:25:01', '2023-04-17 01:10:56'),
(138, 3, 3, 2, 5000, '0.00', '', 1, '2023-04-14 19:25:01', '2023-04-17 01:10:56'),
(139, 3, 1, 1, 1050, '0.30', '', 1, '2023-04-14 19:25:01', '2023-04-17 01:10:56'),
(140, 3, 2, 2, 150, '0.90', '', 1, '2023-04-14 19:25:01', '2023-04-17 01:10:56'),
(141, 3, 3, 2, 5000, '0.00', '', 1, '2023-04-14 19:25:01', '2023-04-17 01:10:56'),
(142, 3, 1, 1, 1050, '0.30', '', 1, '2023-04-14 19:25:01', '2023-04-17 01:10:56'),
(143, 3, 2, 2, 150, '0.90', '', 1, '2023-04-14 19:25:01', '2023-04-17 01:10:56'),
(144, 3, 3, 2, 5000, '0.00', '', 1, '2023-04-14 19:25:01', '2023-04-17 01:10:56'),
(145, 3, 1, 1, 1050, '0.30', '', 1, '2023-04-14 19:25:01', '2023-04-17 01:09:11'),
(146, 3, 2, 2, 150, '0.90', '', 1, '2023-04-14 19:25:01', '2023-04-17 01:09:11'),
(147, 3, 3, 2, 5000, '0.00', '', 1, '2023-04-14 19:25:01', '2023-04-17 01:09:11'),
(148, 3, 1, 1, 1050, '0.30', '', 1, '2023-04-14 19:25:02', '2023-04-17 01:10:56'),
(149, 3, 2, 2, 150, '0.90', '', 1, '2023-04-14 19:25:02', '2023-04-17 01:10:56'),
(150, 3, 3, 2, 5000, '0.00', '', 1, '2023-04-14 19:25:02', '2023-04-17 01:10:56'),
(151, 3, 1, 1, 1050, '0.30', '', 1, '2023-04-14 19:25:02', '2023-04-17 01:09:11'),
(152, 3, 2, 2, 150, '0.90', '', 1, '2023-04-14 19:25:02', '2023-04-17 01:09:11'),
(153, 3, 3, 2, 5000, '0.00', '', 1, '2023-04-14 19:25:02', '2023-04-17 01:09:11'),
(154, 3, 1, 1, 1050, '0.30', '', 1, '2023-04-14 19:25:02', '2023-04-17 01:10:56'),
(155, 3, 2, 2, 150, '0.90', '', 1, '2023-04-14 19:25:02', '2023-04-17 01:10:56'),
(156, 3, 3, 2, 5000, '0.00', '', 1, '2023-04-14 19:25:02', '2023-04-17 01:10:56'),
(157, 3, 1, 1, 1050, '0.30', '', 1, '2023-04-14 19:25:02', '2023-04-17 01:09:11'),
(158, 3, 2, 2, 150, '0.90', '', 1, '2023-04-14 19:25:02', '2023-04-17 01:09:11'),
(159, 3, 3, 2, 5000, '0.00', '', 1, '2023-04-14 19:25:02', '2023-04-17 01:09:11'),
(160, 3, 1, 1, 1050, '0.30', '', 1, '2023-04-14 19:25:02', '2023-04-17 01:10:56'),
(161, 3, 2, 2, 150, '0.90', '', 1, '2023-04-14 19:25:02', '2023-04-17 01:10:56'),
(162, 3, 3, 2, 5000, '0.00', '', 1, '2023-04-14 19:25:02', '2023-04-17 01:10:56'),
(163, 3, 1, 1, 1050, '0.30', '', 1, '2023-04-14 19:25:03', '2023-04-17 01:10:56'),
(164, 3, 2, 2, 150, '0.90', '', 1, '2023-04-14 19:25:03', '2023-04-17 01:10:56'),
(165, 3, 3, 2, 5000, '0.00', '', 1, '2023-04-14 19:25:03', '2023-04-17 01:10:56'),
(166, 3, 1, 1, 1050, '0.30', '', 1, '2023-04-14 19:25:03', '2023-04-17 01:10:56'),
(167, 3, 2, 2, 150, '0.90', '', 1, '2023-04-14 19:25:03', '2023-04-17 01:10:56'),
(168, 3, 3, 2, 5000, '0.00', '', 1, '2023-04-14 19:25:03', '2023-04-17 01:10:56'),
(169, 3, 1, 1, 1050, '0.30', '', 1, '2023-04-14 19:25:03', '2023-04-17 01:10:56'),
(170, 3, 2, 2, 150, '0.90', '', 1, '2023-04-14 19:25:03', '2023-04-17 01:10:56'),
(171, 3, 3, 2, 5000, '0.00', '', 1, '2023-04-14 19:25:03', '2023-04-17 01:10:56'),
(172, 3, 1, 1, 1050, '0.30', '', 1, '2023-04-14 19:25:03', '2023-04-17 01:10:56'),
(173, 3, 2, 2, 150, '0.90', '', 1, '2023-04-14 19:25:03', '2023-04-17 01:10:56'),
(174, 3, 3, 2, 5000, '0.00', '', 1, '2023-04-14 19:25:03', '2023-04-17 01:10:56'),
(175, 3, 1, 1, 1050, '0.30', '', 1, '2023-04-14 19:25:03', '2023-04-17 01:10:56'),
(176, 3, 2, 2, 150, '0.90', '', 1, '2023-04-14 19:25:03', '2023-04-17 01:10:56'),
(177, 3, 3, 2, 5000, '0.00', '', 1, '2023-04-14 19:25:03', '2023-04-17 01:10:56'),
(178, 3, 1, 1, 1050, '0.30', '', 1, '2023-04-14 19:25:04', '2023-04-17 01:10:56'),
(179, 3, 2, 2, 150, '0.90', '', 1, '2023-04-14 19:25:04', '2023-04-17 01:10:56'),
(180, 3, 3, 2, 5000, '0.00', '', 1, '2023-04-14 19:25:04', '2023-04-17 01:10:56'),
(181, 3, 1, 1, 1050, '0.30', '', 1, '2023-04-14 19:25:04', '2023-04-17 01:10:56'),
(182, 3, 2, 2, 150, '0.90', '', 1, '2023-04-14 19:25:04', '2023-04-17 01:10:56'),
(183, 3, 3, 2, 5000, '0.00', '', 1, '2023-04-14 19:25:04', '2023-04-17 01:10:56'),
(184, 3, 1, 1, 1050, '0.30', '', 1, '2023-04-14 19:25:04', '2023-04-17 01:10:56'),
(185, 3, 2, 2, 150, '0.90', '', 1, '2023-04-14 19:25:04', '2023-04-17 01:10:56'),
(186, 3, 3, 2, 5000, '0.00', '', 1, '2023-04-14 19:25:04', '2023-04-17 01:10:56'),
(187, 3, 1, 1, 1050, '0.30', '', 1, '2023-04-14 19:25:04', '2023-04-17 01:10:56'),
(188, 3, 2, 2, 150, '0.90', '', 1, '2023-04-14 19:25:04', '2023-04-17 01:10:56'),
(189, 3, 3, 2, 5000, '0.00', '', 1, '2023-04-14 19:25:04', '2023-04-17 01:10:56'),
(190, 3, 1, 1, 1050, '0.30', '', 1, '2023-04-14 19:25:04', '2023-04-17 01:09:11'),
(191, 3, 2, 2, 150, '0.90', '', 1, '2023-04-14 19:25:04', '2023-04-17 01:09:11'),
(192, 3, 3, 2, 5000, '0.00', '', 1, '2023-04-14 19:25:04', '2023-04-17 01:09:11'),
(193, 3, 1, 1, 1050, '0.30', '', 1, '2023-04-14 19:25:04', '2023-04-17 01:10:56'),
(194, 3, 2, 2, 150, '0.90', '', 1, '2023-04-14 19:25:04', '2023-04-17 01:10:56'),
(195, 3, 3, 2, 5000, '0.00', '', 1, '2023-04-14 19:25:04', '2023-04-17 01:10:56'),
(196, 3, 1, 1, 1050, '0.30', '', 1, '2023-04-14 19:25:05', '2023-04-17 01:09:11'),
(197, 3, 2, 2, 150, '0.90', '', 1, '2023-04-14 19:25:05', '2023-04-17 01:09:11'),
(198, 3, 3, 2, 5000, '0.00', '', 1, '2023-04-14 19:25:05', '2023-04-17 01:09:11'),
(199, 3, 1, 1, 1050, '0.30', '', 1, '2023-04-14 19:25:05', '2023-04-17 01:10:56'),
(200, 3, 2, 2, 150, '0.90', '', 1, '2023-04-14 19:25:05', '2023-04-17 01:10:56'),
(201, 3, 3, 2, 5000, '0.00', '', 1, '2023-04-14 19:25:05', '2023-04-17 01:10:56'),
(202, 3, 1, 1, 1050, '0.30', '', 1, '2023-04-14 19:25:05', '2023-04-17 01:10:56'),
(203, 3, 2, 2, 150, '0.90', '', 1, '2023-04-14 19:25:05', '2023-04-17 01:10:56'),
(204, 3, 3, 2, 5000, '0.00', '', 1, '2023-04-14 19:25:05', '2023-04-17 01:10:56'),
(205, 3, 1, 1, 1050, '0.30', '', 1, '2023-04-14 19:25:05', '2023-04-17 01:10:56'),
(206, 3, 2, 2, 150, '0.90', '', 1, '2023-04-14 19:25:05', '2023-04-17 01:10:56'),
(207, 3, 3, 2, 5000, '0.00', '', 1, '2023-04-14 19:25:05', '2023-04-17 01:10:56'),
(208, 3, 1, 1, 1050, '0.30', '', 1, '2023-04-14 19:25:05', '2023-04-17 01:09:11'),
(209, 3, 2, 2, 150, '0.90', '', 1, '2023-04-14 19:25:05', '2023-04-17 01:09:11'),
(210, 3, 3, 2, 5000, '0.00', '', 1, '2023-04-14 19:25:05', '2023-04-17 01:09:11'),
(211, 3, 1, 1, 1050, '0.30', '', 1, '2023-04-14 19:25:05', '2023-04-17 01:10:56'),
(212, 3, 2, 2, 150, '0.90', '', 1, '2023-04-14 19:25:05', '2023-04-17 01:10:56'),
(213, 3, 3, 2, 5000, '0.00', '', 1, '2023-04-14 19:25:05', '2023-04-17 01:10:56'),
(214, 3, 1, 1, 1050, '0.30', '', 1, '2023-04-14 19:25:06', '2023-04-17 01:10:56'),
(215, 3, 2, 2, 150, '0.90', '', 1, '2023-04-14 19:25:06', '2023-04-17 01:10:56'),
(216, 3, 3, 2, 5000, '0.00', '', 1, '2023-04-14 19:25:06', '2023-04-17 01:10:56'),
(217, 3, 1, 1, 1050, '0.30', '', 1, '2023-04-14 19:25:06', '2023-04-17 01:10:56'),
(218, 3, 2, 2, 150, '0.90', '', 1, '2023-04-14 19:25:06', '2023-04-17 01:10:56'),
(219, 3, 3, 2, 5000, '0.00', '', 1, '2023-04-14 19:25:06', '2023-04-17 01:10:56'),
(220, 3, 1, 1, 1050, '0.30', '', 1, '2023-04-14 19:25:06', '2023-04-17 01:10:56'),
(221, 3, 2, 2, 150, '0.90', '', 1, '2023-04-14 19:25:06', '2023-04-17 01:10:56'),
(222, 3, 3, 2, 5000, '0.00', '', 1, '2023-04-14 19:25:06', '2023-04-17 01:10:56'),
(223, 3, 1, 1, 1050, '0.30', '', 1, '2023-04-14 19:25:06', '2023-04-17 01:10:56'),
(224, 3, 2, 2, 150, '0.90', '', 1, '2023-04-14 19:25:06', '2023-04-17 01:10:56'),
(225, 3, 3, 2, 5000, '0.00', '', 1, '2023-04-14 19:25:06', '2023-04-17 01:10:56'),
(226, 3, 1, 1, 1050, '0.30', '', 1, '2023-04-14 19:25:06', '2023-04-17 01:09:11'),
(227, 3, 2, 2, 150, '0.90', '', 1, '2023-04-14 19:25:06', '2023-04-17 01:09:11'),
(228, 3, 3, 2, 5000, '0.00', '', 1, '2023-04-14 19:25:06', '2023-04-17 01:09:11'),
(229, 3, 1, 1, 1050, '0.30', '', 1, '2023-04-14 19:25:06', '2023-04-17 01:10:56'),
(230, 3, 2, 2, 150, '0.90', '', 1, '2023-04-14 19:25:06', '2023-04-17 01:10:56'),
(231, 3, 3, 2, 5000, '0.00', '', 1, '2023-04-14 19:25:06', '2023-04-17 01:10:56'),
(232, 3, 1, 1, 1050, '0.30', '', 1, '2023-04-14 19:25:07', '2023-04-17 01:10:56'),
(233, 3, 2, 2, 150, '0.90', '', 1, '2023-04-14 19:25:07', '2023-04-17 01:10:56'),
(234, 3, 3, 2, 5000, '0.00', '', 1, '2023-04-14 19:25:07', '2023-04-17 01:10:56'),
(235, 3, 1, 1, 1050, '0.30', '', 1, '2023-04-14 19:25:07', '2023-04-17 01:10:56'),
(236, 3, 2, 2, 150, '0.90', '', 1, '2023-04-14 19:25:07', '2023-04-17 01:10:56'),
(237, 3, 3, 2, 5000, '0.00', '', 1, '2023-04-14 19:25:07', '2023-04-17 01:10:56'),
(238, 3, 1, 1, 1050, '0.30', '', 1, '2023-04-14 19:25:07', '2023-04-17 01:10:56'),
(239, 3, 2, 2, 150, '0.90', '', 1, '2023-04-14 19:25:07', '2023-04-17 01:10:56'),
(240, 3, 3, 2, 5000, '0.00', '', 1, '2023-04-14 19:25:07', '2023-04-17 01:10:56'),
(241, 3, 1, 1, 1050, '0.30', '', 1, '2023-04-14 19:25:07', '2023-04-17 01:10:56'),
(242, 3, 2, 2, 150, '0.90', '', 1, '2023-04-14 19:25:07', '2023-04-17 01:10:56'),
(243, 3, 3, 2, 5000, '0.00', '', 1, '2023-04-14 19:25:07', '2023-04-17 01:10:56'),
(244, 3, 1, 1, 1050, '0.30', '', 1, '2023-04-14 19:25:07', '2023-04-17 01:10:56'),
(245, 3, 2, 2, 150, '0.90', '', 1, '2023-04-14 19:25:07', '2023-04-17 01:10:56'),
(246, 3, 3, 2, 5000, '0.00', '', 1, '2023-04-14 19:25:07', '2023-04-17 01:10:56'),
(247, 3, 1, 1, 1050, '0.30', '', 1, '2023-04-14 19:25:07', '2023-04-17 01:10:56'),
(248, 3, 2, 2, 150, '0.90', '', 1, '2023-04-14 19:25:07', '2023-04-17 01:10:56'),
(249, 3, 3, 2, 5000, '0.00', '', 1, '2023-04-14 19:25:07', '2023-04-17 01:10:56'),
(250, 3, 1, 1, 1050, '0.30', '', 1, '2023-04-14 19:25:08', '2023-04-17 01:09:11'),
(251, 3, 2, 2, 150, '0.90', '', 1, '2023-04-14 19:25:08', '2023-04-17 01:09:11'),
(252, 3, 3, 2, 5000, '0.00', '', 1, '2023-04-14 19:25:08', '2023-04-17 01:09:11'),
(253, 3, 1, 1, 1050, '0.30', '', 1, '2023-04-14 19:25:08', '2023-04-17 01:10:56'),
(254, 3, 2, 2, 150, '0.90', '', 1, '2023-04-14 19:25:08', '2023-04-17 01:10:56'),
(255, 3, 3, 2, 5000, '0.00', '', 1, '2023-04-14 19:25:08', '2023-04-17 01:10:56'),
(256, 3, 1, 1, 1050, '0.30', '', 1, '2023-04-14 19:25:08', '2023-04-17 01:10:56'),
(257, 3, 2, 2, 150, '0.90', '', 1, '2023-04-14 19:25:08', '2023-04-17 01:10:56'),
(258, 3, 3, 2, 5000, '0.00', '', 1, '2023-04-14 19:25:08', '2023-04-17 01:10:56'),
(259, 3, 1, 1, 1050, '0.30', '', 1, '2023-04-14 19:25:08', '2023-04-17 01:10:56'),
(260, 3, 2, 2, 150, '0.90', '', 1, '2023-04-14 19:25:08', '2023-04-17 01:10:56'),
(261, 3, 3, 2, 5000, '0.00', '', 1, '2023-04-14 19:25:08', '2023-04-17 01:10:56'),
(262, 3, 1, 1, 1050, '0.30', '', 1, '2023-04-14 19:25:08', '2023-04-17 01:10:56'),
(263, 3, 2, 2, 150, '0.90', '', 1, '2023-04-14 19:25:08', '2023-04-17 01:10:56'),
(264, 3, 3, 2, 5000, '0.00', '', 1, '2023-04-14 19:25:08', '2023-04-17 01:10:56'),
(265, 3, 1, 1, 1050, '0.30', '', 1, '2023-04-14 19:25:09', '2023-04-17 01:10:56'),
(266, 3, 2, 2, 150, '0.90', '', 1, '2023-04-14 19:25:09', '2023-04-17 01:10:56'),
(267, 3, 3, 2, 5000, '0.00', '', 1, '2023-04-14 19:25:09', '2023-04-17 01:10:56'),
(268, 3, 1, 1, 1050, '0.30', '', 1, '2023-04-14 19:25:09', '2023-04-17 01:10:56'),
(269, 3, 2, 2, 150, '0.90', '', 1, '2023-04-14 19:25:09', '2023-04-17 01:10:56'),
(270, 3, 3, 2, 5000, '0.00', '', 1, '2023-04-14 19:25:09', '2023-04-17 01:10:56'),
(271, 3, 1, 1, 1050, '0.30', '', 1, '2023-04-14 19:25:09', '2023-04-17 01:10:56'),
(272, 3, 2, 2, 150, '0.90', '', 1, '2023-04-14 19:25:09', '2023-04-17 01:10:56'),
(273, 3, 3, 2, 5000, '0.00', '', 1, '2023-04-14 19:25:09', '2023-04-17 01:10:56'),
(274, 3, 1, 1, 1050, '0.30', '', 1, '2023-04-14 19:25:09', '2023-04-17 01:10:56'),
(275, 3, 2, 2, 150, '0.90', '', 1, '2023-04-14 19:25:09', '2023-04-17 01:10:56'),
(276, 3, 3, 2, 5000, '0.00', '', 1, '2023-04-14 19:25:09', '2023-04-17 01:10:56'),
(277, 3, 1, 1, 1050, '0.30', '', 1, '2023-04-14 19:25:09', '2023-04-17 01:10:56'),
(278, 3, 2, 2, 150, '0.90', '', 1, '2023-04-14 19:25:09', '2023-04-17 01:10:56'),
(279, 3, 3, 2, 5000, '0.00', '', 1, '2023-04-14 19:25:09', '2023-04-17 01:10:56'),
(280, 3, 1, 1, 1050, '0.30', '', 1, '2023-04-14 19:25:09', '2023-04-17 01:10:56'),
(281, 3, 2, 2, 150, '0.90', '', 1, '2023-04-14 19:25:09', '2023-04-17 01:10:56'),
(282, 3, 3, 2, 5000, '0.00', '', 1, '2023-04-14 19:25:09', '2023-04-17 01:10:56'),
(283, 3, 1, 1, 1050, '0.30', '', 1, '2023-04-14 19:25:10', '2023-04-17 01:09:11'),
(284, 3, 2, 2, 150, '0.90', '', 1, '2023-04-14 19:25:10', '2023-04-17 01:09:11'),
(285, 3, 3, 2, 5000, '0.00', '', 1, '2023-04-14 19:25:10', '2023-04-17 01:09:11'),
(286, 3, 1, 1, 1050, '0.30', '', 1, '2023-04-14 19:25:10', '2023-04-17 01:10:56'),
(287, 3, 2, 2, 150, '0.90', '', 1, '2023-04-14 19:25:10', '2023-04-17 01:10:56'),
(288, 3, 3, 2, 5000, '0.00', '', 1, '2023-04-14 19:25:10', '2023-04-17 01:10:56'),
(289, 3, 1, 1, 1050, '0.30', '', 1, '2023-04-14 19:25:10', '2023-04-17 01:09:11'),
(290, 3, 2, 2, 150, '0.90', '', 1, '2023-04-14 19:25:10', '2023-04-17 01:09:11'),
(291, 3, 3, 2, 5000, '0.00', '', 1, '2023-04-14 19:25:10', '2023-04-17 01:09:11'),
(292, 3, 1, 1, 1050, '0.30', '', 1, '2023-04-14 19:25:10', '2023-04-17 01:09:11'),
(293, 3, 2, 2, 150, '0.90', '', 1, '2023-04-14 19:25:10', '2023-04-17 01:09:11'),
(294, 3, 3, 2, 5000, '0.00', '', 1, '2023-04-14 19:25:10', '2023-04-17 01:09:11'),
(295, 3, 1, 1, 1050, '0.30', '', 1, '2023-04-14 19:25:10', '2023-04-17 01:10:56'),
(296, 3, 2, 2, 150, '0.90', '', 1, '2023-04-14 19:25:10', '2023-04-17 01:10:56'),
(297, 3, 3, 2, 5000, '0.00', '', 1, '2023-04-14 19:25:10', '2023-04-17 01:10:56'),
(298, 3, 1, 1, 1050, '0.30', '', 1, '2023-04-14 19:25:11', '2023-04-17 01:10:56'),
(299, 3, 2, 2, 150, '0.90', '', 1, '2023-04-14 19:25:11', '2023-04-17 01:10:56'),
(300, 3, 3, 2, 5000, '0.00', '', 1, '2023-04-14 19:25:11', '2023-04-17 01:10:56'),
(301, 3, 1, 1, 1050, '0.30', '', 1, '2023-04-14 19:25:11', '2023-04-17 01:10:56'),
(302, 3, 2, 2, 150, '0.90', '', 1, '2023-04-14 19:25:11', '2023-04-17 01:10:56'),
(303, 3, 3, 2, 5000, '0.00', '', 1, '2023-04-14 19:25:11', '2023-04-17 01:10:56'),
(304, 3, 1, 1, 1050, '0.30', '', 1, '2023-04-14 19:25:11', '2023-04-17 01:10:56'),
(305, 3, 2, 2, 150, '0.90', '', 1, '2023-04-14 19:25:11', '2023-04-17 01:10:56'),
(306, 3, 3, 2, 5000, '0.00', '', 1, '2023-04-14 19:25:11', '2023-04-17 01:10:56'),
(307, 3, 1, 1, 1050, '0.30', '', 1, '2023-04-14 19:25:11', '2023-04-17 01:10:56'),
(308, 3, 2, 2, 150, '0.90', '', 1, '2023-04-14 19:25:11', '2023-04-17 01:10:56'),
(309, 3, 3, 2, 5000, '0.00', '', 1, '2023-04-14 19:25:11', '2023-04-17 01:10:56'),
(310, 3, 1, 1, 1050, '0.30', '', 1, '2023-04-14 19:25:11', '2023-04-17 01:10:56'),
(311, 3, 2, 2, 150, '0.90', '', 1, '2023-04-14 19:25:11', '2023-04-17 01:10:56'),
(312, 3, 3, 2, 5000, '0.00', '', 1, '2023-04-14 19:25:11', '2023-04-17 01:10:56'),
(313, 3, 1, 1, 1050, '0.30', '', 1, '2023-04-14 19:25:11', '2023-04-17 01:10:56'),
(314, 3, 2, 2, 150, '0.90', '', 1, '2023-04-14 19:25:11', '2023-04-17 01:10:56'),
(315, 3, 3, 2, 5000, '0.00', '', 1, '2023-04-14 19:25:11', '2023-04-17 01:10:56'),
(316, 3, 1, 1, 1050, '0.30', '', 1, '2023-04-14 19:25:12', '2023-04-17 01:10:56'),
(317, 3, 2, 2, 150, '0.90', '', 1, '2023-04-14 19:25:12', '2023-04-17 01:10:56'),
(318, 3, 3, 2, 5000, '0.00', '', 1, '2023-04-14 19:25:12', '2023-04-17 01:10:56'),
(319, 3, 1, 1, 1050, '0.30', '', 1, '2023-04-14 19:25:12', '2023-04-17 01:10:56'),
(320, 3, 2, 2, 150, '0.90', '', 1, '2023-04-14 19:25:12', '2023-04-17 01:10:56'),
(321, 3, 3, 2, 5000, '0.00', '', 1, '2023-04-14 19:25:12', '2023-04-17 01:10:56'),
(322, 3, 1, 1, 1050, '0.30', '', 1, '2023-04-14 19:25:13', '2023-04-17 01:10:56'),
(323, 3, 2, 2, 150, '0.90', '', 1, '2023-04-14 19:25:13', '2023-04-17 01:10:56'),
(324, 3, 3, 2, 5000, '0.00', '', 1, '2023-04-14 19:25:13', '2023-04-17 01:10:56'),
(325, 3, 1, 1, 1050, '0.30', '', 1, '2023-04-14 19:25:13', '2023-04-17 01:09:11'),
(326, 3, 2, 2, 150, '0.90', '', 1, '2023-04-14 19:25:13', '2023-04-17 01:09:11'),
(327, 3, 3, 2, 5000, '0.00', '', 1, '2023-04-14 19:25:13', '2023-04-17 01:09:11'),
(328, 3, 1, 1, 1050, '0.30', '', 1, '2023-04-14 19:25:13', '2023-04-17 01:10:56'),
(329, 3, 2, 2, 150, '0.90', '', 1, '2023-04-14 19:25:13', '2023-04-17 01:10:56'),
(330, 3, 3, 2, 5000, '0.00', '', 1, '2023-04-14 19:25:13', '2023-04-17 01:10:56'),
(331, 3, 1, 1, 1050, '0.30', '', 1, '2023-04-14 19:25:13', '2023-04-17 01:10:56'),
(332, 3, 2, 2, 150, '0.90', '', 1, '2023-04-14 19:25:13', '2023-04-17 01:10:56'),
(333, 3, 3, 2, 5000, '0.00', '', 1, '2023-04-14 19:25:13', '2023-04-17 01:10:56'),
(334, 3, 1, 1, 1050, '0.30', '', 1, '2023-04-14 19:25:13', '2023-04-17 01:09:11'),
(335, 3, 2, 2, 150, '0.90', '', 1, '2023-04-14 19:25:13', '2023-04-17 01:09:11'),
(336, 3, 3, 2, 5000, '0.00', '', 1, '2023-04-14 19:25:13', '2023-04-17 01:09:11'),
(337, 3, 1, 1, 1050, '0.30', '', 1, '2023-04-14 19:25:13', '2023-04-17 01:10:56'),
(338, 3, 2, 2, 150, '0.90', '', 1, '2023-04-14 19:25:13', '2023-04-17 01:10:56'),
(339, 3, 3, 2, 5000, '0.00', '', 1, '2023-04-14 19:25:13', '2023-04-17 01:10:56'),
(340, 3, 1, 1, 1050, '0.30', '', 1, '2023-04-14 19:25:14', '2023-04-17 01:10:56'),
(341, 3, 2, 2, 150, '0.90', '', 1, '2023-04-14 19:25:14', '2023-04-17 01:10:56'),
(342, 3, 3, 2, 5000, '0.00', '', 1, '2023-04-14 19:25:14', '2023-04-17 01:10:56'),
(343, 3, 1, 1, 1050, '0.30', '', 1, '2023-04-14 19:25:14', '2023-04-17 01:10:56'),
(344, 3, 2, 2, 150, '0.90', '', 1, '2023-04-14 19:25:14', '2023-04-17 01:10:56'),
(345, 3, 3, 2, 5000, '0.00', '', 1, '2023-04-14 19:25:14', '2023-04-17 01:10:56'),
(346, 3, 1, 1, 1050, '0.30', '', 1, '2023-04-14 19:25:14', '2023-04-17 01:10:56'),
(347, 3, 2, 2, 150, '0.90', '', 1, '2023-04-14 19:25:14', '2023-04-17 01:10:56'),
(348, 3, 3, 2, 5000, '0.00', '', 1, '2023-04-14 19:25:14', '2023-04-17 01:10:56'),
(349, 3, 1, 1, 1050, '0.30', '', 1, '2023-04-14 19:25:14', '2023-04-17 01:10:56'),
(350, 3, 2, 2, 150, '0.90', '', 1, '2023-04-14 19:25:14', '2023-04-17 01:10:56'),
(351, 3, 3, 2, 5000, '0.00', '', 1, '2023-04-14 19:25:14', '2023-04-17 01:10:56'),
(352, 3, 1, 1, 1050, '0.30', '', 1, '2023-04-14 19:25:14', '2023-04-17 01:10:56'),
(353, 3, 2, 2, 150, '0.90', '', 1, '2023-04-14 19:25:14', '2023-04-17 01:10:56'),
(354, 3, 3, 2, 5000, '0.00', '', 1, '2023-04-14 19:25:14', '2023-04-17 01:10:56'),
(355, 3, 1, 1, 1050, '0.30', '', 1, '2023-04-14 19:25:14', '2023-04-17 01:10:56'),
(356, 3, 2, 2, 150, '0.90', '', 1, '2023-04-14 19:25:14', '2023-04-17 01:10:56'),
(357, 3, 3, 2, 5000, '0.00', '', 1, '2023-04-14 19:25:14', '2023-04-17 01:10:56'),
(358, 3, 1, 1, 1050, '0.30', '', 1, '2023-04-14 19:25:15', '2023-04-17 01:10:56'),
(359, 3, 2, 2, 150, '0.90', '', 1, '2023-04-14 19:25:15', '2023-04-17 01:10:56'),
(360, 3, 3, 2, 5000, '0.00', '', 1, '2023-04-14 19:25:15', '2023-04-17 01:10:56'),
(361, 3, 1, 1, 1050, '0.30', '', 1, '2023-04-14 19:25:15', '2023-04-17 01:10:56'),
(362, 3, 2, 2, 150, '0.90', '', 1, '2023-04-14 19:25:15', '2023-04-17 01:10:56'),
(363, 3, 3, 2, 5000, '0.00', '', 1, '2023-04-14 19:25:15', '2023-04-17 01:10:56'),
(364, 3, 1, 1, 1050, '0.30', '', 1, '2023-04-14 19:25:15', '2023-04-17 01:10:56'),
(365, 3, 2, 2, 150, '0.90', '', 1, '2023-04-14 19:25:15', '2023-04-17 01:10:56'),
(366, 3, 3, 2, 5000, '0.00', '', 1, '2023-04-14 19:25:15', '2023-04-17 01:10:56'),
(367, 3, 1, 1, 1050, '0.30', '', 1, '2023-04-14 19:25:15', '2023-04-17 01:09:11'),
(368, 3, 2, 2, 150, '0.90', '', 1, '2023-04-14 19:25:15', '2023-04-17 01:09:11'),
(369, 3, 3, 2, 5000, '0.00', '', 1, '2023-04-14 19:25:15', '2023-04-17 01:09:11'),
(370, 3, 1, 1, 1050, '0.30', '', 1, '2023-04-14 19:25:15', '2023-04-17 01:10:56'),
(371, 3, 2, 2, 150, '0.90', '', 1, '2023-04-14 19:25:15', '2023-04-17 01:10:56'),
(372, 3, 3, 2, 5000, '0.00', '', 1, '2023-04-14 19:25:15', '2023-04-17 01:10:56'),
(373, 3, 1, 1, 1050, '0.30', '', 1, '2023-04-14 19:25:16', '2023-04-17 01:10:56'),
(374, 3, 2, 2, 150, '0.90', '', 1, '2023-04-14 19:25:16', '2023-04-17 01:10:56'),
(375, 3, 3, 2, 5000, '0.00', '', 1, '2023-04-14 19:25:16', '2023-04-17 01:10:56'),
(376, 3, 1, 1, 1050, '0.30', '', 1, '2023-04-14 19:25:16', '2023-04-17 01:10:56'),
(377, 3, 2, 2, 150, '0.90', '', 1, '2023-04-14 19:25:16', '2023-04-17 01:10:56'),
(378, 3, 3, 2, 5000, '0.00', '', 1, '2023-04-14 19:25:16', '2023-04-17 01:10:56'),
(379, 3, 1, 1, 1050, '0.30', '', 1, '2023-04-14 19:25:16', '2023-04-17 01:10:56'),
(380, 3, 2, 2, 150, '0.90', '', 1, '2023-04-14 19:25:16', '2023-04-17 01:10:56'),
(381, 3, 3, 2, 5000, '0.00', '', 1, '2023-04-14 19:25:16', '2023-04-17 01:10:56'),
(382, 3, 1, 1, 1050, '0.30', '', 1, '2023-04-14 19:43:16', '2023-04-17 01:10:56'),
(383, 3, 2, 2, 150, '0.90', '', 1, '2023-04-14 19:43:16', '2023-04-17 01:10:56'),
(384, 3, 3, 2, 5000, '0.00', '', 1, '2023-04-14 19:43:16', '2023-04-17 01:10:56'),
(385, 3, 1, 1, 1050, '0.30', '', 1, '2023-04-14 19:43:48', '2023-04-17 01:10:56'),
(386, 3, 2, 2, 150, '0.90', '', 1, '2023-04-14 19:43:48', '2023-04-17 01:10:56'),
(387, 3, 3, 2, 5000, '0.00', '', 1, '2023-04-14 19:43:48', '2023-04-17 01:10:56'),
(388, 3, 1, 1, 1050, '0.30', '', 1, '2023-04-14 19:44:19', '2023-04-17 01:09:11'),
(389, 3, 2, 2, 150, '0.90', '', 1, '2023-04-14 19:44:19', '2023-04-17 01:09:11'),
(390, 3, 3, 2, 5000, '0.00', '', 1, '2023-04-14 19:44:19', '2023-04-17 01:09:11'),
(391, 3, 1, 1, 1050, '0.30', '', 1, '2023-04-14 19:44:27', '2023-04-17 01:10:56'),
(392, 3, 2, 2, 150, '0.90', '', 1, '2023-04-14 19:44:27', '2023-04-17 01:10:56'),
(393, 3, 3, 2, 5000, '0.00', '', 1, '2023-04-14 19:44:27', '2023-04-17 01:10:56'),
(394, 3, 1, 1, 1050, '0.30', '', 1, '2023-04-14 19:45:13', '2023-04-17 01:09:11'),
(395, 3, 2, 2, 150, '0.90', '', 1, '2023-04-14 19:45:13', '2023-04-17 01:09:11'),
(396, 3, 3, 2, 5000, '0.00', '', 1, '2023-04-14 19:45:13', '2023-04-17 01:09:11'),
(397, 3, 1, 1, 1050, '0.30', '', 1, '2023-04-14 19:45:13', '2023-04-17 01:10:56'),
(398, 3, 2, 2, 150, '0.90', '', 1, '2023-04-14 19:45:13', '2023-04-17 01:10:56'),
(399, 3, 3, 2, 5000, '0.00', '', 1, '2023-04-14 19:45:13', '2023-04-17 01:10:56'),
(400, 3, 1, 1, 1050, '0.30', '', 1, '2023-04-14 19:45:14', '2023-04-17 01:10:56'),
(401, 3, 2, 2, 150, '0.90', '', 1, '2023-04-14 19:45:14', '2023-04-17 01:10:56'),
(402, 3, 3, 2, 5000, '0.00', '', 1, '2023-04-14 19:45:14', '2023-04-17 01:10:56'),
(403, 3, 1, 1, 1050, '0.30', '', 1, '2023-04-14 19:52:42', '2023-04-17 01:10:56'),
(404, 3, 2, 2, 150, '0.90', '', 1, '2023-04-14 19:52:42', '2023-04-17 01:10:56'),
(405, 3, 3, 2, 5000, '0.00', '', 1, '2023-04-14 19:52:42', '2023-04-17 01:10:56'),
(406, 3, 1, 1, 1050, '0.30', '', 1, '2023-04-14 21:22:44', '2023-04-17 01:10:56'),
(407, 3, 2, 2, 150, '0.90', '', 1, '2023-04-14 21:22:44', '2023-04-17 01:10:56'),
(408, 3, 3, 2, 5000, '0.00', '', 1, '2023-04-14 21:22:44', '2023-04-17 01:10:56'),
(409, 3, 1, 1, 1050, '0.30', '', 1, '2023-04-14 21:22:45', '2023-04-17 01:10:56'),
(410, 3, 2, 2, 150, '0.90', '', 1, '2023-04-14 21:22:45', '2023-04-17 01:10:56'),
(411, 3, 3, 2, 5000, '0.00', '', 1, '2023-04-14 21:22:45', '2023-04-17 01:10:56'),
(412, 3, 1, 1, 1050, '0.30', '', 1, '2023-04-14 21:22:45', '2023-04-17 01:10:56'),
(413, 3, 2, 2, 150, '0.90', '', 1, '2023-04-14 21:22:45', '2023-04-17 01:10:56'),
(414, 3, 3, 2, 5000, '0.00', '', 1, '2023-04-14 21:22:45', '2023-04-17 01:10:56'),
(415, 3, 1, 1, 1050, '0.30', '', 1, '2023-04-14 21:22:46', '2023-04-17 01:09:11'),
(416, 3, 2, 2, 150, '0.90', '', 1, '2023-04-14 21:22:46', '2023-04-17 01:09:11'),
(417, 3, 3, 2, 5000, '0.00', '', 1, '2023-04-14 21:22:46', '2023-04-17 01:09:11'),
(418, 3, 1, 1, 1050, '0.30', '', 1, '2023-04-14 21:22:46', '2023-04-17 01:10:56'),
(419, 3, 2, 2, 150, '0.90', '', 1, '2023-04-14 21:22:46', '2023-04-17 01:10:56'),
(420, 3, 3, 2, 5000, '0.00', '', 1, '2023-04-14 21:22:46', '2023-04-17 01:10:56'),
(421, 3, 1, 1, 1050, '0.30', '', 1, '2023-04-14 21:22:46', '2023-04-17 01:10:56'),
(422, 3, 2, 2, 150, '0.90', '', 1, '2023-04-14 21:22:46', '2023-04-17 01:10:56'),
(423, 3, 3, 2, 5000, '0.00', '', 1, '2023-04-14 21:22:46', '2023-04-17 01:10:56'),
(424, 3, 1, 1, 1050, '0.30', '', 1, '2023-04-14 21:22:46', '2023-04-17 01:10:56'),
(425, 3, 2, 2, 150, '0.90', '', 1, '2023-04-14 21:22:46', '2023-04-17 01:10:56'),
(426, 3, 3, 2, 5000, '0.00', '', 1, '2023-04-14 21:22:46', '2023-04-17 01:10:56'),
(427, 3, 1, 1, 1050, '0.30', '', 1, '2023-04-14 21:22:46', '2023-04-17 01:10:56'),
(428, 3, 2, 2, 150, '0.90', '', 1, '2023-04-14 21:22:46', '2023-04-17 01:10:56'),
(429, 3, 3, 2, 5000, '0.00', '', 1, '2023-04-14 21:22:46', '2023-04-17 01:10:56'),
(430, 3, 1, 1, 1050, '0.30', '', 1, '2023-04-14 21:22:46', '2023-04-17 01:10:56'),
(431, 3, 2, 2, 150, '0.90', '', 1, '2023-04-14 21:22:46', '2023-04-17 01:10:56'),
(432, 3, 3, 2, 5000, '0.00', '', 1, '2023-04-14 21:22:46', '2023-04-17 01:10:56'),
(433, 3, 1, 1, 1050, '0.30', '', 1, '2023-04-14 21:22:47', '2023-04-17 01:10:56'),
(434, 3, 2, 2, 150, '0.90', '', 1, '2023-04-14 21:22:47', '2023-04-17 01:10:56'),
(435, 3, 3, 2, 5000, '0.00', '', 1, '2023-04-14 21:22:47', '2023-04-17 01:10:56'),
(436, 3, 1, 1, 1050, '0.30', '', 1, '2023-04-14 21:22:47', '2023-04-17 01:10:56'),
(437, 3, 2, 2, 150, '0.90', '', 1, '2023-04-14 21:22:47', '2023-04-17 01:10:56'),
(438, 3, 3, 2, 5000, '0.00', '', 1, '2023-04-14 21:22:47', '2023-04-17 01:10:56'),
(439, 3, 1, 1, 1050, '0.30', '', 1, '2023-04-14 21:22:47', '2023-04-17 01:10:56'),
(440, 3, 2, 2, 150, '0.90', '', 1, '2023-04-14 21:22:47', '2023-04-17 01:10:56'),
(441, 3, 3, 2, 5000, '0.00', '', 1, '2023-04-14 21:22:47', '2023-04-17 01:10:56'),
(442, 3, 1, 1, 1050, '0.30', '', 1, '2023-04-14 21:22:47', '2023-04-17 01:10:56'),
(443, 3, 2, 2, 150, '0.90', '', 1, '2023-04-14 21:22:47', '2023-04-17 01:10:56'),
(444, 3, 3, 2, 5000, '0.00', '', 1, '2023-04-14 21:22:47', '2023-04-17 01:10:56'),
(445, 3, 1, 1, 1050, '0.30', '', 1, '2023-04-14 21:22:47', '2023-04-17 01:10:56'),
(446, 3, 2, 2, 150, '0.90', '', 1, '2023-04-14 21:22:47', '2023-04-17 01:10:56'),
(447, 3, 3, 2, 5000, '0.00', '', 1, '2023-04-14 21:22:47', '2023-04-17 01:10:56'),
(448, 3, 1, 1, 1050, '0.30', '', 1, '2023-04-14 21:22:48', '2023-04-17 01:10:56'),
(449, 3, 2, 2, 150, '0.90', '', 1, '2023-04-14 21:22:48', '2023-04-17 01:10:56'),
(450, 3, 3, 2, 5000, '0.00', '', 1, '2023-04-14 21:22:48', '2023-04-17 01:10:56'),
(451, 3, 1, 1, 1050, '0.30', '', 1, '2023-04-14 21:22:48', '2023-04-17 01:10:56'),
(452, 3, 2, 2, 150, '0.90', '', 1, '2023-04-14 21:22:48', '2023-04-17 01:10:56'),
(453, 3, 3, 2, 5000, '0.00', '', 1, '2023-04-14 21:22:48', '2023-04-17 01:10:56'),
(454, 3, 1, 1, 1050, '0.30', '', 1, '2023-04-14 21:22:48', '2023-04-17 01:10:56'),
(455, 3, 2, 2, 150, '0.90', '', 1, '2023-04-14 21:22:48', '2023-04-17 01:10:56'),
(456, 3, 3, 2, 5000, '0.00', '', 1, '2023-04-14 21:22:48', '2023-04-17 01:10:56'),
(457, 3, 1, 1, 1050, '0.30', '', 1, '2023-04-14 21:22:48', '2023-04-17 01:10:56'),
(458, 3, 2, 2, 150, '0.90', '', 1, '2023-04-14 21:22:48', '2023-04-17 01:10:56'),
(459, 3, 3, 2, 5000, '0.00', '', 1, '2023-04-14 21:22:48', '2023-04-17 01:10:56'),
(460, 3, 1, 1, 1050, '0.30', '', 1, '2023-04-14 21:22:48', '2023-04-17 01:10:56'),
(461, 3, 2, 2, 150, '0.90', '', 1, '2023-04-14 21:22:48', '2023-04-17 01:10:56'),
(462, 3, 3, 2, 5000, '0.00', '', 1, '2023-04-14 21:22:48', '2023-04-17 01:10:56'),
(463, 3, 1, 1, 1050, '0.30', '', 1, '2023-04-14 21:22:48', '2023-04-17 01:10:56'),
(464, 3, 2, 2, 150, '0.90', '', 1, '2023-04-14 21:22:48', '2023-04-17 01:10:56'),
(465, 3, 3, 2, 5000, '0.00', '', 1, '2023-04-14 21:22:48', '2023-04-17 01:10:56'),
(466, 3, 1, 1, 1050, '0.30', '', 1, '2023-04-14 21:23:12', '2023-04-17 01:10:56'),
(467, 3, 2, 2, 150, '0.90', '', 1, '2023-04-14 21:23:12', '2023-04-17 01:10:56'),
(468, 3, 3, 2, 5000, '0.00', '', 1, '2023-04-14 21:23:12', '2023-04-17 01:10:56'),
(469, 3, 1, 1, 1050, '0.30', '', 1, '2023-04-14 21:23:12', '2023-04-17 01:10:56'),
(470, 3, 2, 2, 150, '0.90', '', 1, '2023-04-14 21:23:12', '2023-04-17 01:10:56'),
(471, 3, 3, 2, 5000, '0.00', '', 1, '2023-04-14 21:23:12', '2023-04-17 01:10:56'),
(472, 3, 1, 1, 1050, '0.30', '', 1, '2023-04-14 21:23:12', '2023-04-17 01:10:56'),
(473, 3, 2, 2, 150, '0.90', '', 1, '2023-04-14 21:23:12', '2023-04-17 01:10:56'),
(474, 3, 3, 2, 5000, '0.00', '', 1, '2023-04-14 21:23:12', '2023-04-17 01:10:56'),
(475, 3, 1, 1, 1050, '0.30', '', 1, '2023-04-14 21:23:12', '2023-04-17 01:09:11'),
(476, 3, 2, 2, 150, '0.90', '', 1, '2023-04-14 21:23:12', '2023-04-17 01:09:11'),
(477, 3, 3, 2, 5000, '0.00', '', 1, '2023-04-14 21:23:12', '2023-04-17 01:09:11'),
(478, 3, 1, 1, 1050, '0.30', '', 1, '2023-04-14 21:23:12', '2023-04-17 01:10:56'),
(479, 3, 2, 2, 150, '0.90', '', 1, '2023-04-14 21:23:12', '2023-04-17 01:10:56'),
(480, 3, 3, 2, 5000, '0.00', '', 1, '2023-04-14 21:23:12', '2023-04-17 01:10:56'),
(481, 3, 1, 1, 1050, '0.30', '', 1, '2023-04-14 21:23:12', '2023-04-17 01:10:56'),
(482, 3, 2, 2, 150, '0.90', '', 1, '2023-04-14 21:23:12', '2023-04-17 01:10:56'),
(483, 3, 3, 2, 5000, '0.00', '', 1, '2023-04-14 21:23:12', '2023-04-17 01:10:56'),
(484, 3, 1, 1, 1050, '0.30', '', 1, '2023-04-14 21:23:13', '2023-04-17 01:09:11'),
(485, 3, 2, 2, 150, '0.90', '', 1, '2023-04-14 21:23:13', '2023-04-17 01:09:11'),
(486, 3, 3, 2, 5000, '0.00', '', 1, '2023-04-14 21:23:13', '2023-04-17 01:09:11'),
(487, 3, 1, 1, 1050, '0.30', '', 1, '2023-04-14 21:23:13', '2023-04-17 01:10:56'),
(488, 3, 2, 2, 150, '0.90', '', 1, '2023-04-14 21:23:13', '2023-04-17 01:10:56'),
(489, 3, 3, 2, 5000, '0.00', '', 1, '2023-04-14 21:23:13', '2023-04-17 01:10:56'),
(490, 3, 1, 1, 1050, '0.30', '', 1, '2023-04-14 21:23:13', '2023-04-17 01:10:56'),
(491, 3, 2, 2, 150, '0.90', '', 1, '2023-04-14 21:23:13', '2023-04-17 01:10:56'),
(492, 3, 3, 2, 5000, '0.00', '', 1, '2023-04-14 21:23:13', '2023-04-17 01:10:56'),
(493, 3, 1, 1, 1050, '0.30', '', 1, '2023-04-14 21:23:13', '2023-04-17 01:10:56'),
(494, 3, 2, 2, 150, '0.90', '', 1, '2023-04-14 21:23:13', '2023-04-17 01:10:56'),
(495, 3, 3, 2, 5000, '0.00', '', 1, '2023-04-14 21:23:13', '2023-04-17 01:10:56'),
(496, 3, 1, 1, 1050, '0.30', '', 1, '2023-04-14 21:23:13', '2023-04-17 01:10:56'),
(497, 3, 2, 2, 150, '0.90', '', 1, '2023-04-14 21:23:13', '2023-04-17 01:10:56'),
(498, 3, 3, 2, 5000, '0.00', '', 1, '2023-04-14 21:23:13', '2023-04-17 01:10:56'),
(499, 3, 1, 1, 1050, '0.30', '', 1, '2023-04-14 21:23:13', '2023-04-17 01:10:56'),
(500, 3, 2, 2, 150, '0.90', '', 1, '2023-04-14 21:23:13', '2023-04-17 01:10:56'),
(501, 3, 3, 2, 5000, '0.00', '', 1, '2023-04-14 21:23:13', '2023-04-17 01:10:56'),
(502, 3, 1, 1, 1050, '0.30', '', 1, '2023-04-14 21:23:14', '2023-04-17 01:10:56'),
(503, 3, 2, 2, 150, '0.90', '', 1, '2023-04-14 21:23:14', '2023-04-17 01:10:56'),
(504, 3, 3, 2, 5000, '0.00', '', 1, '2023-04-14 21:23:14', '2023-04-17 01:10:56'),
(505, 3, 1, 1, 1050, '0.30', '', 1, '2023-04-14 21:23:14', '2023-04-17 01:10:56'),
(506, 3, 2, 2, 150, '0.90', '', 1, '2023-04-14 21:23:14', '2023-04-17 01:10:56'),
(507, 3, 3, 2, 5000, '0.00', '', 1, '2023-04-14 21:23:14', '2023-04-17 01:10:56'),
(508, 3, 1, 1, 1050, '0.30', '', 1, '2023-04-14 21:23:14', '2023-04-17 01:10:56'),
(509, 3, 2, 2, 150, '0.90', '', 1, '2023-04-14 21:23:14', '2023-04-17 01:10:56'),
(510, 3, 3, 2, 5000, '0.00', '', 1, '2023-04-14 21:23:14', '2023-04-17 01:10:56'),
(511, 3, 1, 1, 1050, '0.30', '', 1, '2023-04-14 21:23:14', '2023-04-17 01:10:56'),
(512, 3, 2, 2, 150, '0.90', '', 1, '2023-04-14 21:23:14', '2023-04-17 01:10:56'),
(513, 3, 3, 2, 5000, '0.00', '', 1, '2023-04-14 21:23:14', '2023-04-17 01:10:56'),
(514, 3, 1, 1, 1050, '0.30', '', 1, '2023-04-14 21:23:14', '2023-04-17 01:10:56'),
(515, 3, 2, 2, 150, '0.90', '', 1, '2023-04-14 21:23:14', '2023-04-17 01:10:56'),
(516, 3, 3, 2, 5000, '0.00', '', 1, '2023-04-14 21:23:14', '2023-04-17 01:10:56'),
(517, 3, 1, 1, 1050, '0.30', '', 1, '2023-04-14 21:23:15', '2023-04-17 01:10:56'),
(518, 3, 2, 2, 150, '0.90', '', 1, '2023-04-14 21:23:15', '2023-04-17 01:10:56'),
(519, 3, 3, 2, 5000, '0.00', '', 1, '2023-04-14 21:23:15', '2023-04-17 01:10:56'),
(520, 3, 1, 1, 1050, '0.30', '', 1, '2023-04-14 21:23:15', '2023-04-17 01:10:56'),
(521, 3, 2, 2, 150, '0.90', '', 1, '2023-04-14 21:23:15', '2023-04-17 01:10:56'),
(522, 3, 3, 2, 5000, '0.00', '', 1, '2023-04-14 21:23:15', '2023-04-17 01:10:56'),
(523, 3, 1, 1, 1050, '0.30', '', 1, '2023-04-14 21:23:15', '2023-04-17 01:10:56'),
(524, 3, 2, 2, 150, '0.90', '', 1, '2023-04-14 21:23:15', '2023-04-17 01:10:56'),
(525, 3, 3, 2, 5000, '0.00', '', 1, '2023-04-14 21:23:15', '2023-04-17 01:10:56'),
(526, 3, 1, 1, 1050, '0.30', '', 1, '2023-04-14 21:23:15', '2023-04-17 01:10:56'),
(527, 3, 2, 2, 150, '0.90', '', 1, '2023-04-14 21:23:15', '2023-04-17 01:10:56'),
(528, 3, 3, 2, 5000, '0.00', '', 1, '2023-04-14 21:23:15', '2023-04-17 01:10:56'),
(529, 3, 1, 1, 1050, '0.30', '', 1, '2023-04-14 21:23:15', '2023-04-17 01:09:11'),
(530, 3, 2, 2, 150, '0.90', '', 1, '2023-04-14 21:23:15', '2023-04-17 01:09:11'),
(531, 3, 3, 2, 5000, '0.00', '', 1, '2023-04-14 21:23:15', '2023-04-17 01:09:11'),
(532, 3, 1, 1, 1050, '0.30', '', 1, '2023-04-14 21:23:15', '2023-04-17 01:10:56'),
(533, 3, 2, 2, 150, '0.90', '', 1, '2023-04-14 21:23:15', '2023-04-17 01:10:56'),
(534, 3, 3, 2, 5000, '0.00', '', 1, '2023-04-14 21:23:15', '2023-04-17 01:10:56'),
(535, 3, 1, 1, 1050, '0.30', '', 1, '2023-04-14 21:23:16', '2023-04-17 01:10:56'),
(536, 3, 2, 2, 150, '0.90', '', 1, '2023-04-14 21:23:16', '2023-04-17 01:10:56'),
(537, 3, 3, 2, 5000, '0.00', '', 1, '2023-04-14 21:23:16', '2023-04-17 01:10:56'),
(538, 3, 1, 1, 1050, '0.30', '', 1, '2023-04-14 21:23:16', '2023-04-17 01:10:56'),
(539, 3, 2, 2, 150, '0.90', '', 1, '2023-04-14 21:23:16', '2023-04-17 01:10:56'),
(540, 3, 3, 2, 5000, '0.00', '', 1, '2023-04-14 21:23:16', '2023-04-17 01:10:56'),
(541, 3, 1, 1, 1050, '0.30', '', 1, '2023-04-14 21:23:16', '2023-04-17 01:10:56'),
(542, 3, 2, 2, 150, '0.90', '', 1, '2023-04-14 21:23:16', '2023-04-17 01:10:56'),
(543, 3, 3, 2, 5000, '0.00', '', 1, '2023-04-14 21:23:16', '2023-04-17 01:10:56'),
(544, 3, 1, 1, 1050, '0.30', '', 1, '2023-04-14 21:23:16', '2023-04-17 01:10:56'),
(545, 3, 2, 2, 150, '0.90', '', 1, '2023-04-14 21:23:16', '2023-04-17 01:10:56'),
(546, 3, 3, 2, 5000, '0.00', '', 1, '2023-04-14 21:23:16', '2023-04-17 01:10:56'),
(547, 3, 1, 1, 1050, '0.30', '', 1, '2023-04-14 21:23:16', '2023-04-17 01:10:56'),
(548, 3, 2, 2, 150, '0.90', '', 1, '2023-04-14 21:23:16', '2023-04-17 01:10:56'),
(549, 3, 3, 2, 5000, '0.00', '', 1, '2023-04-14 21:23:16', '2023-04-17 01:10:56'),
(550, 3, 1, 1, 1050, '0.30', '', 1, '2023-04-14 21:23:16', '2023-04-17 01:10:56'),
(551, 3, 2, 2, 150, '0.90', '', 1, '2023-04-14 21:23:16', '2023-04-17 01:10:56'),
(552, 3, 3, 2, 5000, '0.00', '', 1, '2023-04-14 21:23:16', '2023-04-17 01:10:56'),
(553, 3, 1, 1, 1050, '0.30', '', 1, '2023-04-14 21:23:17', '2023-04-17 01:10:56'),
(554, 3, 2, 2, 150, '0.90', '', 1, '2023-04-14 21:23:17', '2023-04-17 01:10:56'),
(555, 3, 3, 2, 5000, '0.00', '', 1, '2023-04-14 21:23:17', '2023-04-17 01:10:56'),
(556, 3, 1, 1, 1050, '0.30', '', 1, '2023-04-14 21:23:17', '2023-04-17 01:10:56'),
(557, 3, 2, 2, 150, '0.90', '', 1, '2023-04-14 21:23:17', '2023-04-17 01:10:56'),
(558, 3, 3, 2, 5000, '0.00', '', 1, '2023-04-14 21:23:17', '2023-04-17 01:10:56'),
(559, 3, 1, 1, 1050, '0.30', '', 1, '2023-04-14 21:23:17', '2023-04-17 01:09:11'),
(560, 3, 2, 2, 150, '0.90', '', 1, '2023-04-14 21:23:17', '2023-04-17 01:09:11'),
(561, 3, 3, 2, 5000, '0.00', '', 1, '2023-04-14 21:23:17', '2023-04-17 01:09:11'),
(562, 3, 1, 1, 1050, '0.30', '', 1, '2023-04-14 21:23:24', '2023-04-17 01:10:56'),
(563, 3, 2, 2, 150, '0.90', '', 1, '2023-04-14 21:23:24', '2023-04-17 01:10:56'),
(564, 3, 3, 2, 5000, '0.00', '', 1, '2023-04-14 21:23:24', '2023-04-17 01:10:56'),
(565, 3, 1, 1, 1050, '0.30', '', 1, '2023-04-14 21:23:24', '2023-04-17 01:09:11'),
(566, 3, 2, 2, 150, '0.90', '', 1, '2023-04-14 21:23:24', '2023-04-17 01:09:11'),
(567, 3, 3, 2, 5000, '0.00', '', 1, '2023-04-14 21:23:24', '2023-04-17 01:09:11'),
(568, 3, 1, 1, 1050, '0.30', '', 1, '2023-04-14 21:23:25', '2023-04-17 01:10:56'),
(569, 3, 2, 2, 150, '0.90', '', 1, '2023-04-14 21:23:25', '2023-04-17 01:10:56'),
(570, 3, 3, 2, 5000, '0.00', '', 1, '2023-04-14 21:23:25', '2023-04-17 01:10:56'),
(571, 3, 1, 1, 1050, '0.30', '', 1, '2023-04-14 21:23:25', '2023-04-17 01:10:56'),
(572, 3, 2, 2, 150, '0.90', '', 1, '2023-04-14 21:23:25', '2023-04-17 01:10:56'),
(573, 3, 3, 2, 5000, '0.00', '', 1, '2023-04-14 21:23:25', '2023-04-17 01:10:56'),
(574, 3, 1, 1, 1050, '0.30', '', 1, '2023-04-14 21:23:25', '2023-04-17 01:10:56'),
(575, 3, 2, 2, 150, '0.90', '', 1, '2023-04-14 21:23:25', '2023-04-17 01:10:56'),
(576, 3, 3, 2, 5000, '0.00', '', 1, '2023-04-14 21:23:25', '2023-04-17 01:10:56'),
(577, 3, 1, 1, 1050, '0.30', '', 1, '2023-04-14 21:23:25', '2023-04-17 01:10:56'),
(578, 3, 2, 2, 150, '0.90', '', 1, '2023-04-14 21:23:25', '2023-04-17 01:10:56'),
(579, 3, 3, 2, 5000, '0.00', '', 1, '2023-04-14 21:23:25', '2023-04-17 01:10:56'),
(580, 3, 1, 1, 1050, '0.30', '', 1, '2023-04-14 21:23:25', '2023-04-17 01:09:11'),
(581, 3, 2, 2, 150, '0.90', '', 1, '2023-04-14 21:23:25', '2023-04-17 01:09:11'),
(582, 3, 3, 2, 5000, '0.00', '', 1, '2023-04-14 21:23:25', '2023-04-17 01:09:11'),
(583, 3, 1, 1, 1050, '0.30', '', 1, '2023-04-14 21:23:34', '2023-04-17 01:09:11'),
(584, 3, 2, 2, 150, '0.90', '', 1, '2023-04-14 21:23:34', '2023-04-17 01:09:11'),
(585, 3, 3, 2, 5000, '0.00', '', 1, '2023-04-14 21:23:34', '2023-04-17 01:09:11'),
(586, 3, 1, 1, 1050, '0.30', '', 1, '2023-04-14 21:23:40', '2023-04-17 01:10:56'),
(587, 3, 2, 2, 150, '0.90', '', 1, '2023-04-14 21:23:40', '2023-04-17 01:10:56'),
(588, 3, 3, 2, 5000, '0.00', '', 1, '2023-04-14 21:23:40', '2023-04-17 01:10:56'),
(589, 3, 1, 1, 1050, '0.30', '', 1, '2023-04-14 21:23:43', '2023-04-17 01:10:56'),
(590, 3, 2, 2, 150, '0.90', '', 1, '2023-04-14 21:23:43', '2023-04-17 01:10:56'),
(591, 3, 3, 2, 5000, '0.00', '', 1, '2023-04-14 21:23:43', '2023-04-17 01:10:56'),
(592, 3, 1, 1, 1050, '0.30', '', 1, '2023-04-14 21:31:25', '2023-04-17 01:10:56'),
(593, 3, 2, 2, 150, '0.90', '', 1, '2023-04-14 21:31:25', '2023-04-17 01:10:56'),
(594, 3, 3, 2, 5000, '0.00', '', 1, '2023-04-14 21:31:25', '2023-04-17 01:10:56'),
(595, 3, 1, 1, 1050, '0.30', '', 1, '2023-04-14 21:31:26', '2023-04-17 01:10:56'),
(596, 3, 2, 2, 150, '0.90', '', 1, '2023-04-14 21:31:26', '2023-04-17 01:10:56'),
(597, 3, 3, 2, 5000, '0.00', '', 1, '2023-04-14 21:31:26', '2023-04-17 01:10:56'),
(598, 3, 1, 1, 1050, '0.30', '', 1, '2023-04-14 21:31:26', '2023-04-17 01:10:56'),
(599, 3, 2, 2, 150, '0.90', '', 1, '2023-04-14 21:31:26', '2023-04-17 01:10:56'),
(600, 3, 3, 2, 5000, '0.00', '', 1, '2023-04-14 21:31:26', '2023-04-17 01:10:56'),
(601, 3, 1, 1, 1050, '0.30', '', 1, '2023-04-14 21:31:26', '2023-04-17 01:10:56'),
(602, 3, 2, 2, 150, '0.90', '', 1, '2023-04-14 21:31:26', '2023-04-17 01:10:56'),
(603, 3, 3, 2, 5000, '0.00', '', 1, '2023-04-14 21:31:26', '2023-04-17 01:10:56'),
(604, 3, 1, 1, 1050, '0.30', '', 1, '2023-04-14 21:31:26', '2023-04-17 01:10:56'),
(605, 3, 2, 2, 150, '0.90', '', 1, '2023-04-14 21:31:26', '2023-04-17 01:10:56'),
(606, 3, 3, 2, 5000, '0.00', '', 1, '2023-04-14 21:31:26', '2023-04-17 01:10:56'),
(607, 3, 1, 1, 1050, '0.30', '', 1, '2023-04-14 21:31:26', '2023-04-17 01:10:56'),
(608, 3, 2, 2, 150, '0.90', '', 1, '2023-04-14 21:31:26', '2023-04-17 01:10:56'),
(609, 3, 3, 2, 5000, '0.00', '', 1, '2023-04-14 21:31:26', '2023-04-17 01:10:56'),
(610, 3, 1, 1, 1050, '0.30', '', 1, '2023-04-14 21:31:26', '2023-04-17 01:10:56'),
(611, 3, 2, 2, 150, '0.90', '', 1, '2023-04-14 21:31:26', '2023-04-17 01:10:56'),
(612, 3, 3, 2, 5000, '0.00', '', 1, '2023-04-14 21:31:26', '2023-04-17 01:10:56'),
(613, 3, 1, 1, 1050, '0.30', '', 1, '2023-04-14 21:31:27', '2023-04-17 01:10:56'),
(614, 3, 2, 2, 150, '0.90', '', 1, '2023-04-14 21:31:27', '2023-04-17 01:10:56'),
(615, 3, 3, 2, 5000, '0.00', '', 1, '2023-04-14 21:31:27', '2023-04-17 01:10:56'),
(616, 3, 1, 1, 1050, '0.30', '', 1, '2023-04-14 21:31:27', '2023-04-17 01:10:56'),
(617, 3, 2, 2, 150, '0.90', '', 1, '2023-04-14 21:31:27', '2023-04-17 01:10:56');
INSERT INTO `pedidos` (`id`, `mesa`, `producto`, `cantidad`, `precio`, `descuento`, `observaciones`, `estado`, `creado`, `modificado`) VALUES
(618, 3, 3, 2, 5000, '0.00', '', 1, '2023-04-14 21:31:27', '2023-04-17 01:10:56'),
(619, 3, 1, 1, 1050, '0.30', '', 1, '2023-04-14 21:31:27', '0000-00-00 00:00:00'),
(620, 3, 2, 2, 150, '0.90', '', 1, '2023-04-14 21:31:27', '0000-00-00 00:00:00'),
(621, 3, 3, 2, 5000, '0.00', '', 1, '2023-04-14 21:31:27', '0000-00-00 00:00:00'),
(622, 3, 1, 1, 1050, '0.30', '', 1, '2023-04-14 21:31:27', '2023-04-17 01:09:11'),
(623, 3, 2, 2, 150, '0.90', '', 1, '2023-04-14 21:31:27', '2023-04-17 01:09:11'),
(624, 3, 3, 2, 5000, '0.00', '', 1, '2023-04-14 21:31:27', '2023-04-17 01:09:11'),
(625, 3, 1, 1, 1050, '0.30', '', 1, '2023-04-14 21:31:47', '2023-04-17 01:09:11'),
(626, 3, 2, 2, 150, '0.90', '', 1, '2023-04-14 21:31:47', '2023-04-17 01:09:11'),
(627, 3, 3, 2, 5000, '0.00', '', 1, '2023-04-14 21:31:47', '2023-04-17 01:09:11'),
(628, 3, 1, 1, 1050, '0.30', 'grande', 1, '2023-04-15 13:53:47', '2023-04-17 01:10:56'),
(629, 3, 2, 2, 150, '0.90', 'fria', 1, '2023-04-15 13:53:47', '2023-04-17 01:10:56'),
(630, 3, 3, 2, 5000, '0.00', 'cocida', 1, '2023-04-15 13:53:47', '2023-04-17 01:10:56'),
(631, 3, 1, 1, 1050, '0.30', 'grande', 1, '2023-04-15 13:53:48', '2023-04-17 01:10:56'),
(632, 3, 2, 2, 150, '0.90', 'fria', 1, '2023-04-15 13:53:48', '2023-04-17 01:10:56'),
(633, 3, 3, 2, 5000, '0.00', 'cocida', 1, '2023-04-15 13:53:48', '2023-04-17 01:10:56'),
(634, 3, 1, 1, 1050, '0.30', 'grande', 1, '2023-04-15 13:53:49', '2023-04-17 01:10:56'),
(635, 3, 2, 2, 150, '0.90', 'fria', 1, '2023-04-15 13:53:49', '2023-04-17 01:10:56'),
(636, 3, 3, 2, 5000, '0.00', 'cocida', 1, '2023-04-15 13:53:49', '2023-04-17 01:10:56'),
(637, 3, 1, 1, 1050, '0.30', 'grande', 1, '2023-04-15 13:53:49', '2023-04-17 01:10:56'),
(638, 3, 2, 2, 150, '0.90', 'fria', 1, '2023-04-15 13:53:49', '2023-04-17 01:10:56'),
(639, 3, 3, 2, 5000, '0.00', 'cocida', 1, '2023-04-15 13:53:49', '2023-04-17 01:10:56'),
(640, 3, 1, 1, 1050, '0.30', 'grande', 1, '2023-04-15 13:53:49', '2023-04-17 01:10:56'),
(641, 3, 2, 2, 150, '0.90', 'fria', 1, '2023-04-15 13:53:49', '2023-04-17 01:10:56'),
(642, 3, 3, 2, 5000, '0.00', 'cocida', 1, '2023-04-15 13:53:49', '2023-04-17 01:10:56'),
(643, 3, 1, 1, 1050, '0.30', 'grande', 1, '2023-04-15 13:53:49', '2023-04-17 01:10:56'),
(644, 3, 2, 2, 150, '0.90', 'fria', 1, '2023-04-15 13:53:49', '2023-04-17 01:10:56'),
(645, 3, 3, 2, 5000, '0.00', 'cocida', 1, '2023-04-15 13:53:49', '2023-04-17 01:10:56'),
(646, 3, 1, 1, 1050, '0.30', 'grande', 1, '2023-04-15 13:53:49', '2023-04-17 01:10:56'),
(647, 3, 2, 2, 150, '0.90', 'fria', 1, '2023-04-15 13:53:49', '2023-04-17 01:10:56'),
(648, 3, 3, 2, 5000, '0.00', 'cocida', 1, '2023-04-15 13:53:49', '2023-04-17 01:10:56'),
(649, 3, 1, 1, 1050, '0.30', 'grande', 1, '2023-04-15 13:54:12', '2023-04-17 01:10:56'),
(650, 3, 2, 2, 150, '0.90', 'fria', 1, '2023-04-15 13:54:12', '2023-04-17 01:10:56'),
(651, 3, 3, 2, 5000, '0.00', '', 1, '2023-04-15 13:54:12', '2023-04-17 01:10:56'),
(652, 3, 1, 1, 1050, '0.30', 'grande', 1, '2023-04-15 13:54:57', '2023-04-17 01:10:56'),
(653, 3, 2, 2, 150, '0.90', 'fria', 1, '2023-04-15 13:54:57', '2023-04-17 01:10:56'),
(654, 3, 3, 2, 5000, '0.00', '', 1, '2023-04-15 13:54:57', '2023-04-17 01:10:56'),
(655, 3, 1, 1, 1050, '0.30', 'grande', 1, '2023-04-16 22:10:48', '2023-04-17 01:10:56'),
(656, 3, 2, 2, 150, '0.90', 'fria', 1, '2023-04-16 22:10:48', '2023-04-17 01:10:56'),
(657, 3, 3, 2, 5000, '0.00', '', 1, '2023-04-16 22:10:48', '2023-04-17 01:10:56'),
(658, 2, 1, 1, 1050, '0.30', 'grande', 1, '2023-04-17 02:07:09', '0000-00-00 00:00:00'),
(659, 2, 2, 2, 150, '0.90', 'fria', 1, '2023-04-17 02:07:09', '0000-00-00 00:00:00'),
(660, 2, 3, 2, 5000, '0.00', '', 1, '2023-04-17 02:07:09', '0000-00-00 00:00:00'),
(661, 2, 1, 1, 1050, '0.30', 'grande', 1, '2023-04-17 02:07:29', '0000-00-00 00:00:00'),
(662, 2, 2, 2, 150, '0.90', 'fria', 1, '2023-04-17 02:07:29', '0000-00-00 00:00:00'),
(663, 2, 3, 2, 5000, '0.00', '', 1, '2023-04-17 02:07:29', '0000-00-00 00:00:00'),
(664, 2, 1, 1, 1050, '0.30', 'grande', 1, '2023-04-17 02:07:53', '0000-00-00 00:00:00'),
(665, 2, 2, 2, 150, '0.90', 'fria', 1, '2023-04-17 02:07:53', '0000-00-00 00:00:00'),
(666, 2, 3, 2, 5000, '0.00', '', 1, '2023-04-17 02:07:53', '0000-00-00 00:00:00'),
(667, 2, 1, 1, 1050, '0.30', 'grande', 1, '2023-04-17 02:08:20', '0000-00-00 00:00:00'),
(668, 2, 2, 2, 150, '0.90', 'fria', 1, '2023-04-17 02:08:20', '0000-00-00 00:00:00'),
(669, 2, 3, 2, 5000, '0.00', '', 1, '2023-04-17 02:08:20', '0000-00-00 00:00:00'),
(670, 2, 1, 1, 1050, '0.30', 'grande', 1, '2023-04-17 02:17:26', '0000-00-00 00:00:00'),
(671, 2, 2, 2, 150, '0.90', 'fria', 1, '2023-04-17 02:17:26', '0000-00-00 00:00:00'),
(672, 2, 3, 2, 5000, '0.00', '', 1, '2023-04-17 02:17:26', '0000-00-00 00:00:00'),
(673, 1, 1, 1, 1050, '0.30', 'grande', 1, '2023-04-17 02:17:44', '0000-00-00 00:00:00'),
(674, 1, 2, 2, 150, '0.90', 'fria', 1, '2023-04-17 02:17:44', '0000-00-00 00:00:00'),
(675, 1, 3, 2, 5000, '0.00', '', 1, '2023-04-17 02:17:44', '0000-00-00 00:00:00'),
(676, 1, 1, 1, 1050, '0.30', 'grande', 1, '2023-04-17 02:17:45', '0000-00-00 00:00:00'),
(677, 1, 2, 2, 150, '0.90', 'fria', 1, '2023-04-17 02:17:45', '0000-00-00 00:00:00'),
(678, 1, 3, 2, 5000, '0.00', '', 1, '2023-04-17 02:17:45', '0000-00-00 00:00:00'),
(679, 1, 1, 1, 1050, '0.30', 'grande', 1, '2023-04-17 02:17:45', '0000-00-00 00:00:00'),
(680, 1, 2, 2, 150, '0.90', 'fria', 1, '2023-04-17 02:17:45', '0000-00-00 00:00:00'),
(681, 1, 3, 2, 5000, '0.00', '', 1, '2023-04-17 02:17:45', '0000-00-00 00:00:00'),
(682, 1, 1, 1, 1050, '0.30', 'grande', 1, '2023-04-17 02:17:45', '0000-00-00 00:00:00'),
(683, 1, 2, 2, 150, '0.90', 'fria', 1, '2023-04-17 02:17:45', '0000-00-00 00:00:00'),
(684, 1, 3, 2, 5000, '0.00', '', 1, '2023-04-17 02:17:45', '0000-00-00 00:00:00'),
(685, 1, 1, 1, 1050, '0.30', 'grande', 1, '2023-04-17 02:17:46', '0000-00-00 00:00:00'),
(686, 1, 2, 2, 150, '0.90', 'fria', 1, '2023-04-17 02:17:46', '0000-00-00 00:00:00'),
(687, 1, 3, 2, 5000, '0.00', '', 1, '2023-04-17 02:17:46', '0000-00-00 00:00:00'),
(688, 1, 1, 1, 1050, '0.30', 'grande', 1, '2023-04-17 02:17:47', '0000-00-00 00:00:00'),
(689, 1, 2, 2, 150, '0.90', 'fria', 1, '2023-04-17 02:17:47', '0000-00-00 00:00:00'),
(690, 1, 3, 2, 5000, '0.00', '', 1, '2023-04-17 02:17:47', '0000-00-00 00:00:00'),
(691, 1, 1, 1, 1050, '0.30', 'grande', 1, '2023-04-17 02:17:47', '0000-00-00 00:00:00'),
(692, 1, 2, 2, 150, '0.90', 'fria', 1, '2023-04-17 02:17:47', '0000-00-00 00:00:00'),
(693, 1, 3, 2, 5000, '0.00', '', 1, '2023-04-17 02:17:47', '0000-00-00 00:00:00'),
(694, 1, 1, 1, 1050, '0.30', 'grande', 1, '2023-04-17 02:17:47', '0000-00-00 00:00:00'),
(695, 1, 2, 2, 150, '0.90', 'fria', 1, '2023-04-17 02:17:47', '0000-00-00 00:00:00'),
(696, 1, 3, 2, 5000, '0.00', '', 1, '2023-04-17 02:17:47', '0000-00-00 00:00:00'),
(697, 1, 1, 1, 1050, '0.30', 'grande', 1, '2023-04-17 02:17:48', '0000-00-00 00:00:00'),
(698, 1, 2, 2, 150, '0.90', 'fria', 1, '2023-04-17 02:17:48', '0000-00-00 00:00:00'),
(699, 1, 3, 2, 5000, '0.00', '', 1, '2023-04-17 02:17:48', '0000-00-00 00:00:00'),
(700, 1, 1, 1, 1050, '0.30', 'grande', 1, '2023-04-17 02:17:48', '0000-00-00 00:00:00'),
(701, 1, 2, 2, 150, '0.90', 'fria', 1, '2023-04-17 02:17:48', '0000-00-00 00:00:00'),
(702, 1, 3, 2, 5000, '0.00', '', 1, '2023-04-17 02:17:48', '0000-00-00 00:00:00'),
(703, 5, 1, 1, 1050, '0.30', 'grande', 1, '2023-04-17 02:18:13', '0000-00-00 00:00:00'),
(704, 5, 2, 2, 150, '0.90', 'fria', 1, '2023-04-17 02:18:13', '0000-00-00 00:00:00'),
(705, 5, 3, 2, 5000, '0.00', '', 1, '2023-04-17 02:18:13', '0000-00-00 00:00:00'),
(706, 5, 1, 1, 1050, '0.30', 'grande', 1, '2023-04-17 02:18:15', '0000-00-00 00:00:00'),
(707, 5, 2, 2, 150, '0.90', 'fria', 1, '2023-04-17 02:18:15', '0000-00-00 00:00:00'),
(708, 5, 3, 2, 5000, '0.00', '', 1, '2023-04-17 02:18:15', '0000-00-00 00:00:00'),
(709, 5, 1, 1, 1050, '0.30', 'grande', 1, '2023-04-17 02:18:16', '0000-00-00 00:00:00'),
(710, 5, 2, 2, 150, '0.90', 'fria', 1, '2023-04-17 02:18:16', '0000-00-00 00:00:00'),
(711, 5, 3, 2, 5000, '0.00', '', 1, '2023-04-17 02:18:16', '0000-00-00 00:00:00'),
(712, 5, 1, 1, 1050, '0.30', 'grande', 1, '2023-04-17 02:18:16', '0000-00-00 00:00:00'),
(713, 5, 2, 2, 150, '0.90', 'fria', 1, '2023-04-17 02:18:16', '0000-00-00 00:00:00'),
(714, 5, 3, 2, 5000, '0.00', '', 1, '2023-04-17 02:18:16', '0000-00-00 00:00:00'),
(715, 5, 1, 1, 1050, '0.30', 'grande', 1, '2023-04-17 02:18:17', '0000-00-00 00:00:00'),
(716, 5, 2, 2, 150, '0.90', 'fria', 1, '2023-04-17 02:18:17', '0000-00-00 00:00:00'),
(717, 5, 3, 2, 5000, '0.00', '', 1, '2023-04-17 02:18:17', '0000-00-00 00:00:00'),
(718, 5, 1, 1, 1050, '0.30', 'grande', 1, '2023-04-17 02:18:17', '0000-00-00 00:00:00'),
(719, 5, 2, 2, 150, '0.90', 'fria', 1, '2023-04-17 02:18:17', '0000-00-00 00:00:00'),
(720, 5, 3, 2, 5000, '0.00', '', 1, '2023-04-17 02:18:17', '0000-00-00 00:00:00');

-- --------------------------------------------------------

--
-- Estructura de tabla para la tabla `productos`
--

DROP TABLE IF EXISTS `productos`;
CREATE TABLE IF NOT EXISTS `productos` (
  `id` int UNSIGNED NOT NULL AUTO_INCREMENT,
  `nombre_producto` varchar(50) COLLATE utf8mb4_general_ci NOT NULL,
  `descripcion` varchar(500) CHARACTER SET utf8mb4 COLLATE utf8mb4_general_ci NOT NULL,
  `precio` decimal(6,2) UNSIGNED NOT NULL,
  `descuento` tinyint UNSIGNED NOT NULL,
  `imagen` varchar(50) CHARACTER SET utf8mb4 COLLATE utf8mb4_general_ci NOT NULL COMMENT 'url de imagen',
  `categoria` tinyint UNSIGNED NOT NULL,
  `estado` tinyint(1) NOT NULL COMMENT '0: desactivado\r\n1: activado',
  `creado` datetime NOT NULL DEFAULT CURRENT_TIMESTAMP,
  PRIMARY KEY (`id`)
) ENGINE=MyISAM AUTO_INCREMENT=13 DEFAULT CHARSET=utf8mb4 COLLATE=utf8mb4_general_ci;

--
-- Volcado de datos para la tabla `productos`
--

INSERT INTO `productos` (`id`, `nombre_producto`, `descripcion`, `precio`, `descuento`, `imagen`, `categoria`, `estado`, `creado`) VALUES
(1, 'Milanesa a lo pobre', 'Milanesa de ternera, con 2 huevos  fritos, papas fritas doble', '2050.00', 1, 'productos/prod_1.jpg', 3, 0, '2023-03-29 11:19:49'),
(2, 'Coca Cola 1L', 'botella vidrio', '850.00', 1, 'productos/prod_2.jpg', 1, 1, '2023-03-29 11:23:45'),
(3, 'Lomito completo', 'pan frances, lomito con tomate, lechuga huevoy queso y papas fritas\r\ncomen 2', '1300.00', 1, 'productos/prod_3.jpg', 5, 1, '2023-03-29 11:27:48'),
(4, 'Milanesa voladora', 'Milanesa de Pollo, con 2 huevos  fritos, papas fritas doble', '1050.00', 1, 'productos/prod_4.jpg', 3, 1, '2023-03-29 11:19:49'),
(5, 'Cerveza 1L', 'botella vidrio', '950.00', 1, 'productos/prod_5.jpg', 1, 1, '2023-03-29 11:23:45'),
(6, 'Sandwich J y Q', 'pan frances, Jamon Queso Tomate', '1050.00', 1, 'productos/prod_6.jpg', 5, 1, '2023-03-29 11:27:48'),
(7, 'Flan casero', 'Flan casero con dulce leche o crema', '850.00', 1, 'productos/prod_7.jpg', 2, 1, '2023-03-29 11:19:49'),
(8, 'Cassata', 'helado 3 sabores', '650.00', 1, 'productos/prod_8.jpg', 2, 1, '2023-03-29 11:23:45'),
(9, 'Mixta', 'Tomate, Lechuga, Cebolla', '750.00', 1, 'productos/prod_9.jpg', 4, 1, '2023-03-29 11:27:48'),
(10, 'Waldorf', 'Ensalada, apio, nuez, queso duro y crema leche', '1200.00', 1, 'productos/prod_10.jpg', 4, 1, '2023-03-29 11:19:49'),
(11, 'Cerveza 350cm', 'Lata', '550.00', 1, 'productos/prod_11.jpg', 1, 1, '2023-03-29 11:23:45'),
(12, 'Sandwich Salame y Queso', 'pan frances, Salame Queso Tomate', '1050.00', 1, 'productos/prod_12.jpg', 5, 1, '2023-03-29 11:27:48');

-- --------------------------------------------------------

--
-- Estructura de tabla para la tabla `ticket`
--

DROP TABLE IF EXISTS `ticket`;
CREATE TABLE IF NOT EXISTS `ticket` (
  `id` int UNSIGNED NOT NULL AUTO_INCREMENT,
  `mesa` tinyint UNSIGNED NOT NULL,
  `monto` double(9,2) NOT NULL,
  `creado` datetime NOT NULL DEFAULT CURRENT_TIMESTAMP,
  PRIMARY KEY (`id`)
) ENGINE=MyISAM DEFAULT CHARSET=utf8mb4 COLLATE=utf8mb4_general_ci;

-- --------------------------------------------------------

--
-- Estructura de tabla para la tabla `user`
--

DROP TABLE IF EXISTS `user`;
CREATE TABLE IF NOT EXISTS `user` (
  `id` tinyint UNSIGNED NOT NULL AUTO_INCREMENT,
  `nombre` varchar(80) CHARACTER SET utf8mb4 COLLATE utf8mb4_general_ci NOT NULL,
  `apodo` varchar(40) COLLATE utf8mb4_general_ci NOT NULL,
  `pass` text CHARACTER SET utf8mb4 COLLATE utf8mb4_general_ci NOT NULL,
  `email` varchar(80) CHARACTER SET utf8mb4 COLLATE utf8mb4_general_ci NOT NULL,
  `nivel` tinyint UNSIGNED NOT NULL COMMENT '0: gerente\r\n1: admin\r\n2 : mozo',
  `creado` datetime NOT NULL DEFAULT CURRENT_TIMESTAMP,
  PRIMARY KEY (`id`),
  UNIQUE KEY `email` (`email`)
) ENGINE=MyISAM AUTO_INCREMENT=5 DEFAULT CHARSET=utf8mb4 COLLATE=utf8mb4_general_ci;

--
-- Volcado de datos para la tabla `user`
--

INSERT INTO `user` (`id`, `nombre`, `apodo`, `pass`, `email`, `nivel`, `creado`) VALUES
(1, 'Joe Fuerte', 'JOSE', '1234', 'jose@gmail.com', 1, '2023-03-29 11:16:00'),
(2, 'Jose Perez', 'JOSE Perez', '1234', 'jose1@gmail.com', 1, '2023-03-29 11:16:00'),
(3, 'Natalia Gimenez', 'Nati', '1234', 'nati@gmail.com', 1, '2023-03-29 11:16:00'),
(4, 'Marcela Smitch', 'marce', '1234', 'marce@gmail.com', 1, '2023-03-29 11:16:00');

-- --------------------------------------------------------

--
-- Estructura de tabla para la tabla `users`
--

DROP TABLE IF EXISTS `users`;
CREATE TABLE IF NOT EXISTS `users` (
  `id` int NOT NULL AUTO_INCREMENT,
  `name` varchar(50) COLLATE utf8mb4_general_ci NOT NULL,
  `email` varchar(50) COLLATE utf8mb4_general_ci NOT NULL,
  PRIMARY KEY (`id`)
) ENGINE=MyISAM AUTO_INCREMENT=4 DEFAULT CHARSET=utf8mb4 COLLATE=utf8mb4_general_ci;

--
-- Volcado de datos para la tabla `users`
--

INSERT INTO `users` (`id`, `name`, `email`) VALUES
(1, 'Juan', 'juan@example.com'),
(2, 'Pedro', 'pedro@example.com'),
(3, 'María', 'maria@example.com');

-- --------------------------------------------------------

--
-- Estructura de tabla para la tabla `user_control`
--

DROP TABLE IF EXISTS `user_control`;
CREATE TABLE IF NOT EXISTS `user_control` (
  `id` int UNSIGNED NOT NULL AUTO_INCREMENT,
  `tipo` tinyint UNSIGNED NOT NULL COMMENT '0:logout\r\n1:login',
  `creado` datetime NOT NULL DEFAULT CURRENT_TIMESTAMP,
  `user` tinyint UNSIGNED NOT NULL,
  PRIMARY KEY (`id`),
  KEY `user` (`user`)
) ENGINE=MyISAM AUTO_INCREMENT=2 DEFAULT CHARSET=utf8mb4 COLLATE=utf8mb4_general_ci COMMENT='control login user';

--
-- Volcado de datos para la tabla `user_control`
--

INSERT INTO `user_control` (`id`, `tipo`, `creado`, `user`) VALUES
(1, 1, '2023-04-12 21:38:16', 1);
COMMIT;

/*!40101 SET CHARACTER_SET_CLIENT=@OLD_CHARACTER_SET_CLIENT */;
/*!40101 SET CHARACTER_SET_RESULTS=@OLD_CHARACTER_SET_RESULTS */;
/*!40101 SET COLLATION_CONNECTION=@OLD_COLLATION_CONNECTION */;
